Date,Age,Treatment,Plate_num,PlateID,Plate_row,Plate_col,Well,Family,Type,Count,Note,
20260320,72hpf,high_temperature,1,plate_1_high,A,1,A1,54,Sample,0,sam counted live,
20260320,72hpf,high_temperature,1,plate_1_high,A,2,A2,55,Sample,20,sam counted live,
20260320,72hpf,high_temperature,1,plate_1_high,A,3,A3,56,Sample,8,sam counted live,
20260320,72hpf,high_temperature,1,plate_1_high,A,4,A4,57,Sample,32,sam counted live,
20260320,72hpf,high_temperature,1,plate_1_high,A,5,A5,53,Sample,39,sam counted live,
20260320,72hpf,high_temperature,1,plate_1_high,A,6,A6,52,Sample,30,sam counted live,
20260320,72hpf,high_temperature,1,plate_1_high,A,7,A7,1,Sample,24,sam counted live,
20260320,72hpf,high_temperature,1,plate_1_high,A,8,A8,4,Sample,22,sam counted live,
20260320,72hpf,high_temperature,1,plate_1_high,A,9,A9,6,Sample,6,sam counted live,
20260320,72hpf,high_temperature,1,plate_1_high,A,10,A10,5,Sample,27,sam counted live,
20260320,72hpf,high_temperature,1,plate_1_high,A,11,A11,8,Sample,29,sam counted live,
20260320,72hpf,high_temperature,1,plate_1_high,A,12,A12,3,Sample,35,sam counted live,has less volume
20260320,72hpf,high_temperature,1,plate_1_high,B,1,B1,54,Sample,50,sam counted live,
20260320,72hpf,high_temperature,1,plate_1_high,B,2,B2,55,Sample,34,sam counted live,
20260320,72hpf,high_temperature,1,plate_1_high,B,3,B3,56,Sample,8,sam counted live,
20260320,72hpf,high_temperature,1,plate_1_high,B,4,B4,57,Sample,56,sam counted live,
20260320,72hpf,high_temperature,1,plate_1_high,B,5,B5,53,Sample,27,sam counted live,
20260320,72hpf,high_temperature,1,plate_1_high,B,6,B6,52,Sample,40,sam counted live,
20260320,72hpf,high_temperature,1,plate_1_high,B,7,B7,1,Sample,20,sam counted live,
20260320,72hpf,high_temperature,1,plate_1_high,B,8,B8,4,Sample,15,sam counted live,
20260320,72hpf,high_temperature,1,plate_1_high,B,9,B9,6,Sample,16,sam counted live,
20260320,72hpf,high_temperature,1,plate_1_high,B,10,B10,5,Sample,0,sam counted live,has less volume
20260320,72hpf,high_temperature,1,plate_1_high,B,11,B11,8,Sample,14,sam counted live,has less volume
20260320,72hpf,high_temperature,1,plate_1_high,B,12,B12,3,Sample,8,sam counted live,
20260320,72hpf,high_temperature,1,plate_1_high,C,1,C1,54,Sample,0,sam counted live,
20260320,72hpf,high_temperature,1,plate_1_high,C,2,C2,55,Sample,68,sam counted live,
20260320,72hpf,high_temperature,1,plate_1_high,C,3,C3,56,Sample,13,sam counted live,
20260320,72hpf,high_temperature,1,plate_1_high,C,4,C4,57,Sample,54,sam counted live,
20260320,72hpf,high_temperature,1,plate_1_high,C,5,C5,53,Sample,50,sam counted live,
20260320,72hpf,high_temperature,1,plate_1_high,C,6,C6,52,Sample,49,sam counted live,
20260320,72hpf,high_temperature,1,plate_1_high,C,7,C7,1,Sample,31,sam counted live,
20260320,72hpf,high_temperature,1,plate_1_high,C,8,C8,4,Sample,39,sam counted live,
20260320,72hpf,high_temperature,1,plate_1_high,C,9,C9,6,Sample,25,sam counted live,
20260320,72hpf,high_temperature,1,plate_1_high,C,10,C10,5,Sample,56,sam counted live,
20260320,72hpf,high_temperature,1,plate_1_high,C,11,C11,8,Sample,70,sam counted live,
20260320,72hpf,high_temperature,1,plate_1_high,C,12,C12,3,Sample,49,sam counted live,
20260320,72hpf,high_temperature,1,plate_1_high,D,1,D1,54,Sample,9,sam counted live,has less volume
20260320,72hpf,high_temperature,1,plate_1_high,D,2,D2,55,Sample,64,sam counted live,
20260320,72hpf,high_temperature,1,plate_1_high,D,3,D3,56,Sample,15,sam counted live,
20260320,72hpf,high_temperature,1,plate_1_high,D,4,D4,57,Sample,62,sam counted live,
20260320,72hpf,high_temperature,1,plate_1_high,D,5,D5,53,Sample,91,sam counted live,
20260320,72hpf,high_temperature,1,plate_1_high,D,6,D6,52,Sample,57,sam counted live,
20260320,72hpf,high_temperature,1,plate_1_high,D,7,D7,1,Sample,39,sam counted live,
20260320,72hpf,high_temperature,1,plate_1_high,D,8,D8,4,Sample,37,sam counted live,
20260320,72hpf,high_temperature,1,plate_1_high,D,9,D9,6,Sample,26,sam counted live,
20260320,72hpf,high_temperature,1,plate_1_high,D,10,D10,5,Sample,36,sam counted live,has less volume
20260320,72hpf,high_temperature,1,plate_1_high,D,11,D11,8,Sample,66,sam counted live,
20260320,72hpf,high_temperature,1,plate_1_high,D,12,D12,3,Sample,46,sam counted live,
20260320,72hpf,high_temperature,1,plate_1_high,E,1,E1,54,Sample,51,sam counted live,
20260320,72hpf,high_temperature,1,plate_1_high,E,2,E2,55,Sample,85,sam counted live,
20260320,72hpf,high_temperature,1,plate_1_high,E,3,E3,56,Sample,15,sam counted live,
20260320,72hpf,high_temperature,1,plate_1_high,E,4,E4,57,Sample,120,sam counted live,
20260320,72hpf,high_temperature,1,plate_1_high,E,5,E5,53,Sample,22,sam counted live,
20260320,72hpf,high_temperature,1,plate_1_high,E,6,E6,52,Sample,72,sam counted live,
20260320,72hpf,high_temperature,1,plate_1_high,E,7,E7,1,Sample,51,sam counted live,
20260320,72hpf,high_temperature,1,plate_1_high,E,8,E8,4,Sample,53,sam counted live,
20260320,72hpf,high_temperature,1,plate_1_high,E,9,E9,6,Sample,25,sam counted live,
20260320,72hpf,high_temperature,1,plate_1_high,E,10,E10,5,Sample,66,sam counted live,
20260320,72hpf,high_temperature,1,plate_1_high,E,11,E11,8,Sample,60,sam counted live,
20260320,72hpf,high_temperature,1,plate_1_high,E,12,E12,3,Sample,11,sam counted live,
20260320,72hpf,high_temperature,1,plate_1_high,F,1,F1,54,Sample,32,sam counted live,
20260320,72hpf,high_temperature,1,plate_1_high,F,2,F2,55,Sample,53,sam counted live,
20260320,72hpf,high_temperature,1,plate_1_high,F,3,F3,56,Sample,20,sam counted live,
20260320,72hpf,high_temperature,1,plate_1_high,F,4,F4,57,Sample,113,sam counted live,
20260320,72hpf,high_temperature,1,plate_1_high,F,5,F5,53,Sample,69,sam counted live,
20260320,72hpf,high_temperature,1,plate_1_high,F,6,F6,52,Sample,75,sam counted live,
20260320,72hpf,high_temperature,1,plate_1_high,F,7,F7,1,Sample,53,sam counted live,
20260320,72hpf,high_temperature,1,plate_1_high,F,8,F8,4,Sample,37,sam counted live,
20260320,72hpf,high_temperature,1,plate_1_high,F,9,F9,6,Sample,24,sam counted live,
20260320,72hpf,high_temperature,1,plate_1_high,F,10,F10,5,Sample,52,sam counted live,
20260320,72hpf,high_temperature,1,plate_1_high,F,11,F11,8,Sample,55,sam counted live,
20260320,72hpf,high_temperature,1,plate_1_high,F,12,F12,3,Sample,42,sam counted live,
20260320,72hpf,high_temperature,1,plate_1_high,G,1,G1,54,Sample,0,sam counted live,has less volume
20260320,72hpf,high_temperature,1,plate_1_high,G,2,G2,55,Sample,76,sam counted live,
20260320,72hpf,high_temperature,1,plate_1_high,G,3,G3,56,Sample,15,sam counted live,
20260320,72hpf,high_temperature,1,plate_1_high,G,4,G4,57,Sample,104,sam counted live,
20260320,72hpf,high_temperature,1,plate_1_high,G,5,G5,53,Sample,105,sam counted live,
20260320,72hpf,high_temperature,1,plate_1_high,G,6,G6,52,Sample,92,sam counted live,
20260320,72hpf,high_temperature,1,plate_1_high,G,7,G7,1,Sample,55,sam counted live,
20260320,72hpf,high_temperature,1,plate_1_high,G,8,G8,4,Sample,39,sam counted live,
20260320,72hpf,high_temperature,1,plate_1_high,G,9,G9,6,Sample,72,sam counted live,
20260320,72hpf,high_temperature,1,plate_1_high,G,10,G10,5,Sample,91,sam counted live,has less volume
20260320,72hpf,high_temperature,1,plate_1_high,G,11,G11,8,Sample,69,sam counted live,
20260320,72hpf,high_temperature,1,plate_1_high,G,12,G12,3,Sample,34,sam counted live,
20260320,72hpf,high_temperature,1,plate_1_high,H,1,H1,NA,Blank,NA,NA,
20260320,72hpf,high_temperature,1,plate_1_high,H,2,H2,NA,Blank,NA,NA,
20260320,72hpf,high_temperature,1,plate_1_high,H,3,H3,NA,Blank,NA,NA,
20260320,72hpf,high_temperature,1,plate_1_high,H,4,H4,NA,Blank,NA,NA,
20260320,72hpf,high_temperature,1,plate_1_high,H,5,H5,NA,Blank,NA,NA,
20260320,72hpf,high_temperature,1,plate_1_high,H,6,H6,NA,Blank,NA,NA,
20260320,72hpf,high_temperature,1,plate_1_high,H,7,H7,NA,Blank,NA,NA,
20260320,72hpf,high_temperature,1,plate_1_high,H,8,H8,NA,Blank,NA,NA,
20260320,72hpf,high_temperature,1,plate_1_high,H,9,H9,NA,Blank,NA,NA,
20260320,72hpf,high_temperature,1,plate_1_high,H,10,H10,NA,Blank,NA,NA,
20260320,72hpf,high_temperature,1,plate_1_high,H,11,H11,NA,Blank,NA,NA,
20260320,72hpf,high_temperature,1,plate_1_high,H,12,H12,NA,Blank,NA,NA,
20260320,72hpf,high_temperature,2,plate_2_high,A,1,A1,54,Sample,35,,
20260320,72hpf,high_temperature,2,plate_2_high,A,2,A2,55,Sample,26,,
20260320,72hpf,high_temperature,2,plate_2_high,A,3,A3,56,Sample,53,,
20260320,72hpf,high_temperature,2,plate_2_high,A,4,A4,57,Sample,35,,
20260320,72hpf,high_temperature,2,plate_2_high,A,5,A5,53,Sample,43,,
20260320,72hpf,high_temperature,2,plate_2_high,A,6,A6,52,Sample,48,,
20260320,72hpf,high_temperature,2,plate_2_high,A,7,A7,1,Sample,126,,
20260320,72hpf,high_temperature,2,plate_2_high,A,8,A8,4,Sample,30,,
20260320,72hpf,high_temperature,2,plate_2_high,A,9,A9,6,Sample,40,,
20260320,72hpf,high_temperature,2,plate_2_high,A,10,A10,5,Sample,69,,
20260320,72hpf,high_temperature,2,plate_2_high,A,11,A11,8,Sample,44,,
20260320,72hpf,high_temperature,2,plate_2_high,A,12,A12,3,Sample,32,,
20260320,72hpf,high_temperature,2,plate_2_high,B,1,B1,54,Sample,36,,
20260320,72hpf,high_temperature,2,plate_2_high,B,2,B2,55,Sample,41,,
20260320,72hpf,high_temperature,2,plate_2_high,B,3,B3,56,Sample,53,,
20260320,72hpf,high_temperature,2,plate_2_high,B,4,B4,57,Sample,13,,
20260320,72hpf,high_temperature,2,plate_2_high,B,5,B5,53,Sample,37,,
20260320,72hpf,high_temperature,2,plate_2_high,B,6,B6,52,Sample,48,,
20260320,72hpf,high_temperature,2,plate_2_high,B,7,B7,1,Sample,98,,
20260320,72hpf,high_temperature,2,plate_2_high,B,8,B8,4,Sample,27,,
20260320,72hpf,high_temperature,2,plate_2_high,B,9,B9,6,Sample,32,,
20260320,72hpf,high_temperature,2,plate_2_high,B,10,B10,5,Sample,112,,
20260320,72hpf,high_temperature,2,plate_2_high,B,11,B11,8,Sample,76,,
20260320,72hpf,high_temperature,2,plate_2_high,B,12,B12,3,Sample,54,,
20260320,72hpf,high_temperature,2,plate_2_high,C,1,C1,54,Sample,52,,
20260320,72hpf,high_temperature,2,plate_2_high,C,2,C2,55,Sample,38,,
20260320,72hpf,high_temperature,2,plate_2_high,C,3,C3,56,Sample,119,,
20260320,72hpf,high_temperature,2,plate_2_high,C,4,C4,57,Sample,34,,
20260320,72hpf,high_temperature,2,plate_2_high,C,5,C5,53,Sample,39,,
20260320,72hpf,high_temperature,2,plate_2_high,C,6,C6,52,Sample,48,,
20260320,72hpf,high_temperature,2,plate_2_high,C,7,C7,1,Sample,165,,
20260320,72hpf,high_temperature,2,plate_2_high,C,8,C8,4,Sample,36,,
20260320,72hpf,high_temperature,2,plate_2_high,C,9,C9,6,Sample,60,,
20260320,72hpf,high_temperature,2,plate_2_high,C,10,C10,5,Sample,121,,
20260320,72hpf,high_temperature,2,plate_2_high,C,11,C11,8,Sample,90,,
20260320,72hpf,high_temperature,2,plate_2_high,C,12,C12,3,Sample,59,,
20260320,72hpf,high_temperature,2,plate_2_high,D,1,D1,54,Sample,77,,
20260320,72hpf,high_temperature,2,plate_2_high,D,2,D2,55,Sample,26,,
20260320,72hpf,high_temperature,2,plate_2_high,D,3,D3,56,Sample,87,,
20260320,72hpf,high_temperature,2,plate_2_high,D,4,D4,57,Sample,54,,
20260320,72hpf,high_temperature,2,plate_2_high,D,5,D5,53,Sample,57,,
20260320,72hpf,high_temperature,2,plate_2_high,D,6,D6,52,Sample,68,,
20260320,72hpf,high_temperature,2,plate_2_high,D,7,D7,1,Sample,156,,
20260320,72hpf,high_temperature,2,plate_2_high,D,8,D8,4,Sample,28,,
20260320,72hpf,high_temperature,2,plate_2_high,D,9,D9,6,Sample,73,,
20260320,72hpf,high_temperature,2,plate_2_high,D,10,D10,5,Sample,90,,
20260320,72hpf,high_temperature,2,plate_2_high,D,11,D11,8,Sample,62,,
20260320,72hpf,high_temperature,2,plate_2_high,D,12,D12,3,Sample,0,,has no volume
20260320,72hpf,high_temperature,2,plate_2_high,E,1,E1,54,Sample,134,,
20260320,72hpf,high_temperature,2,plate_2_high,E,2,E2,55,Sample,45,,
20260320,72hpf,high_temperature,2,plate_2_high,E,3,E3,56,Sample,128,,
20260320,72hpf,high_temperature,2,plate_2_high,E,4,E4,57,Sample,0,,has no volume
20260320,72hpf,high_temperature,2,plate_2_high,E,5,E5,53,Sample,88,,
20260320,72hpf,high_temperature,2,plate_2_high,E,6,E6,52,Sample,73,,
20260320,72hpf,high_temperature,2,plate_2_high,E,7,E7,1,Sample,168,,
20260320,72hpf,high_temperature,2,plate_2_high,E,8,E8,4,Sample,49,,
20260320,72hpf,high_temperature,2,plate_2_high,E,9,E9,6,Sample,0,,has no volume
20260320,72hpf,high_temperature,2,plate_2_high,E,10,E10,5,Sample,106,,
20260320,72hpf,high_temperature,2,plate_2_high,E,11,E11,8,Sample,72,,
20260320,72hpf,high_temperature,2,plate_2_high,E,12,E12,3,Sample,0,,has no volume
20260320,72hpf,high_temperature,2,plate_2_high,F,1,F1,54,Sample,27,,
20260320,72hpf,high_temperature,2,plate_2_high,F,2,F2,55,Sample,19,,
20260320,72hpf,high_temperature,2,plate_2_high,F,3,F3,56,Sample,62,,
20260320,72hpf,high_temperature,2,plate_2_high,F,4,F4,57,Sample,67,,
20260320,72hpf,high_temperature,2,plate_2_high,F,5,F5,53,Sample,0,,has no volume
20260320,72hpf,high_temperature,2,plate_2_high,F,6,F6,52,Sample,65,,
20260320,72hpf,high_temperature,2,plate_2_high,F,7,F7,1,Sample,130,,
20260320,72hpf,high_temperature,2,plate_2_high,F,8,F8,4,Sample,41,,
20260320,72hpf,high_temperature,2,plate_2_high,F,9,F9,6,Sample,0,,has no volume
20260320,72hpf,high_temperature,2,plate_2_high,F,10,F10,5,Sample,109,,
20260320,72hpf,high_temperature,2,plate_2_high,F,11,F11,8,Sample,51,,
20260320,72hpf,high_temperature,2,plate_2_high,F,12,F12,3,Sample,0,,has no volume
20260320,72hpf,high_temperature,2,plate_2_high,G,1,G1,54,Sample,17,,
20260320,72hpf,high_temperature,2,plate_2_high,G,2,G2,55,Sample,4,,
20260320,72hpf,high_temperature,2,plate_2_high,G,3,G3,56,Sample,9,,
20260320,72hpf,high_temperature,2,plate_2_high,G,4,G4,57,Sample,0,,has no volume
20260320,72hpf,high_temperature,2,plate_2_high,G,5,G5,53,Sample,0,,has no volume
20260320,72hpf,high_temperature,2,plate_2_high,G,6,G6,52,Sample,85,,
20260320,72hpf,high_temperature,2,plate_2_high,G,7,G7,1,Sample,127,,
20260320,72hpf,high_temperature,2,plate_2_high,G,8,G8,4,Sample,52,,
20260320,72hpf,high_temperature,2,plate_2_high,G,9,G9,6,Sample,57,,
20260320,72hpf,high_temperature,2,plate_2_high,G,10,G10,5,Sample,0,,has no volume 
20260320,72hpf,high_temperature,2,plate_2_high,G,11,G11,8,Sample,0,,has no volume 
20260320,72hpf,high_temperature,2,plate_2_high,G,12,G12,3,Sample,54,,
20260320,72hpf,high_temperature,2,plate_2_high,H,1,H1,NA,Blank,NA,,
20260320,72hpf,high_temperature,2,plate_2_high,H,2,H2,NA,Blank,NA,,
20260320,72hpf,high_temperature,2,plate_2_high,H,3,H3,NA,Blank,NA,,
20260320,72hpf,high_temperature,2,plate_2_high,H,4,H4,NA,Blank,NA,,
20260320,72hpf,high_temperature,2,plate_2_high,H,5,H5,NA,Blank,NA,,
20260320,72hpf,high_temperature,2,plate_2_high,H,6,H6,NA,Blank,NA,,
20260320,72hpf,high_temperature,2,plate_2_high,H,7,H7,NA,Blank,NA,,
20260320,72hpf,high_temperature,2,plate_2_high,H,8,H8,NA,Blank,NA,,
20260320,72hpf,high_temperature,2,plate_2_high,H,9,H9,NA,Blank,NA,,
20260320,72hpf,high_temperature,2,plate_2_high,H,10,H10,NA,Blank,NA,,
20260320,72hpf,high_temperature,2,plate_2_high,H,11,H11,NA,Blank,NA,,
20260320,72hpf,high_temperature,2,plate_2_high,H,12,H12,NA,Blank,NA,,
20260320,72hpf,low_temperature,1,plate_1_low,A,1,A1,54,Sample,4,,has low volume
20260320,72hpf,low_temperature,1,plate_1_low,A,2,A2,55,Sample,4,,has low volume
20260320,72hpf,low_temperature,1,plate_1_low,A,3,A3,56,Sample,0,,has low volume
20260320,72hpf,low_temperature,1,plate_1_low,A,4,A4,57,Sample,9,,has low volume
20260320,72hpf,low_temperature,1,plate_1_low,A,5,A5,53,Sample,0,,has low volume
20260320,72hpf,low_temperature,1,plate_1_low,A,6,A6,52,Sample,0,,has low volume
20260320,72hpf,low_temperature,1,plate_1_low,A,7,A7,1,Sample,0,,has low volume
20260320,72hpf,low_temperature,1,plate_1_low,A,8,A8,4,Sample,0,,has low volume
20260320,72hpf,low_temperature,1,plate_1_low,A,9,A9,6,Sample,0,,has low volume
20260320,72hpf,low_temperature,1,plate_1_low,A,10,A10,5,Sample,1,,has low volume
20260320,72hpf,low_temperature,1,plate_1_low,A,11,A11,8,Sample,1,,has low volume
20260320,72hpf,low_temperature,1,plate_1_low,A,12,A12,3,Sample,2,,has low volume
20260320,72hpf,low_temperature,1,plate_1_low,B,1,B1,54,Sample,1,,has low volume
20260320,72hpf,low_temperature,1,plate_1_low,B,2,B2,55,Sample,3,,has low volume
20260320,72hpf,low_temperature,1,plate_1_low,B,3,B3,56,Sample,1,,has low volume
20260320,72hpf,low_temperature,1,plate_1_low,B,4,B4,57,Sample,22,,has low volume
20260320,72hpf,low_temperature,1,plate_1_low,B,5,B5,53,Sample,0,,has low volume
20260320,72hpf,low_temperature,1,plate_1_low,B,6,B6,52,Sample,1,,has low volume
20260320,72hpf,low_temperature,1,plate_1_low,B,7,B7,1,Sample,0,,has low volume
20260320,72hpf,low_temperature,1,plate_1_low,B,8,B8,4,Sample,0,,has low volume
20260320,72hpf,low_temperature,1,plate_1_low,B,9,B9,6,Sample,0,,has low volume
20260320,72hpf,low_temperature,1,plate_1_low,B,10,B10,5,Sample,1,,has low volume
20260320,72hpf,low_temperature,1,plate_1_low,B,11,B11,8,Sample,1,,has low volume
20260320,72hpf,low_temperature,1,plate_1_low,B,12,B12,3,Sample,0,,has low volume
20260320,72hpf,low_temperature,1,plate_1_low,C,1,C1,54,Sample,6,,has low volume
20260320,72hpf,low_temperature,1,plate_1_low,C,2,C2,55,Sample,2,,has low volume
20260320,72hpf,low_temperature,1,plate_1_low,C,3,C3,56,Sample,2,,has low volume
20260320,72hpf,low_temperature,1,plate_1_low,C,4,C4,57,Sample,21,,has low volume
20260320,72hpf,low_temperature,1,plate_1_low,C,5,C5,53,Sample,10,,has low volume
20260320,72hpf,low_temperature,1,plate_1_low,C,6,C6,52,Sample,3,,has low volume
20260320,72hpf,low_temperature,1,plate_1_low,C,7,C7,1,Sample,2,,has low volume
20260320,72hpf,low_temperature,1,plate_1_low,C,8,C8,4,Sample,7,,has low volume
20260320,72hpf,low_temperature,1,plate_1_low,C,9,C9,6,Sample,7,,has low volume
20260320,72hpf,low_temperature,1,plate_1_low,C,10,C10,5,Sample,9,,has low volume
20260320,72hpf,low_temperature,1,plate_1_low,C,11,C11,8,Sample,1,,has low volume
20260320,72hpf,low_temperature,1,plate_1_low,C,12,C12,3,Sample,0,,has low volume
20260320,72hpf,low_temperature,1,plate_1_low,D,1,D1,54,Sample,10,,has low volume
20260320,72hpf,low_temperature,1,plate_1_low,D,2,D2,55,Sample,13,,has low volume
20260320,72hpf,low_temperature,1,plate_1_low,D,3,D3,56,Sample,0,,has low volume
20260320,72hpf,low_temperature,1,plate_1_low,D,4,D4,57,Sample,50,,has low volume
20260320,72hpf,low_temperature,1,plate_1_low,D,5,D5,53,Sample,7,,has low volume
20260320,72hpf,low_temperature,1,plate_1_low,D,6,D6,52,Sample,4,,has low volume
20260320,72hpf,low_temperature,1,plate_1_low,D,7,D7,1,Sample,0,,has low volume
20260320,72hpf,low_temperature,1,plate_1_low,D,8,D8,4,Sample,0,,has low volume
20260320,72hpf,low_temperature,1,plate_1_low,D,9,D9,6,Sample,33,,has low volume
20260320,72hpf,low_temperature,1,plate_1_low,D,10,D10,5,Sample,2,,has low volume
20260320,72hpf,low_temperature,1,plate_1_low,D,11,D11,8,Sample,0,,has low volume
20260320,72hpf,low_temperature,1,plate_1_low,D,12,D12,3,Sample,2,,has low volume
20260320,72hpf,low_temperature,1,plate_1_low,E,1,E1,54,Sample,17,,has low volume
20260320,72hpf,low_temperature,1,plate_1_low,E,2,E2,55,Sample,28,,has low volume
20260320,72hpf,low_temperature,1,plate_1_low,E,3,E3,56,Sample,2,,has low volume
20260320,72hpf,low_temperature,1,plate_1_low,E,4,E4,57,Sample,56,,has low volume
20260320,72hpf,low_temperature,1,plate_1_low,E,5,E5,53,Sample,35,,has low volume
20260320,72hpf,low_temperature,1,plate_1_low,E,6,E6,52,Sample,17,,has low volume
20260320,72hpf,low_temperature,1,plate_1_low,E,7,E7,1,Sample,2,,has low volume
20260320,72hpf,low_temperature,1,plate_1_low,E,8,E8,4,Sample,0,,has low volume
20260320,72hpf,low_temperature,1,plate_1_low,E,9,E9,6,Sample,14,,has low volume
20260320,72hpf,low_temperature,1,plate_1_low,E,10,E10,5,Sample,17,,has low volume
20260320,72hpf,low_temperature,1,plate_1_low,E,11,E11,8,Sample,0,,has low volume
20260320,72hpf,low_temperature,1,plate_1_low,E,12,E12,3,Sample,58,,has low volume
20260320,72hpf,low_temperature,1,plate_1_low,F,1,F1,54,Sample,16,,
20260320,72hpf,low_temperature,1,plate_1_low,F,2,F2,55,Sample,22,,
20260320,72hpf,low_temperature,1,plate_1_low,F,3,F3,56,Sample,5,,
20260320,72hpf,low_temperature,1,plate_1_low,F,4,F4,57,Sample,26,,
20260320,72hpf,low_temperature,1,plate_1_low,F,5,F5,53,Sample,67,,
20260320,72hpf,low_temperature,1,plate_1_low,F,6,F6,52,Sample,24,,
20260320,72hpf,low_temperature,1,plate_1_low,F,7,F7,1,Sample,9,,
20260320,72hpf,low_temperature,1,plate_1_low,F,8,F8,4,Sample,4,,
20260320,72hpf,low_temperature,1,plate_1_low,F,9,F9,6,Sample,0,,has no volume
20260320,72hpf,low_temperature,1,plate_1_low,F,10,F10,5,Sample,34,,
20260320,72hpf,low_temperature,1,plate_1_low,F,11,F11,8,Sample,23,,
20260320,72hpf,low_temperature,1,plate_1_low,F,12,F12,3,Sample,31,,
20260320,72hpf,low_temperature,1,plate_1_low,G,1,G1,54,Sample,36,,
20260320,72hpf,low_temperature,1,plate_1_low,G,2,G2,55,Sample,70,,
20260320,72hpf,low_temperature,1,plate_1_low,G,3,G3,56,Sample,0,,has no volume
20260320,72hpf,low_temperature,1,plate_1_low,G,4,G4,57,Sample,57,,
20260320,72hpf,low_temperature,1,plate_1_low,G,5,G5,53,Sample,31,,
20260320,72hpf,low_temperature,1,plate_1_low,G,6,G6,52,Sample,20,,
20260320,72hpf,low_temperature,1,plate_1_low,G,7,G7,1,Sample,0,,has no volume
20260320,72hpf,low_temperature,1,plate_1_low,G,8,G8,4,Sample,0,,has no volume
20260320,72hpf,low_temperature,1,plate_1_low,G,9,G9,6,Sample,16,,
20260320,72hpf,low_temperature,1,plate_1_low,G,10,G10,5,Sample,70,,
20260320,72hpf,low_temperature,1,plate_1_low,G,11,G11,8,Sample,9,,
20260320,72hpf,low_temperature,1,plate_1_low,G,12,G12,3,Sample,16,,
20260320,72hpf,low_temperature,1,plate_1_low,H,1,H1,NA,Blank,NA,,
20260320,72hpf,low_temperature,1,plate_1_low,H,2,H2,NA,Blank,NA,,
20260320,72hpf,low_temperature,1,plate_1_low,H,3,H3,NA,Blank,NA,,
20260320,72hpf,low_temperature,1,plate_1_low,H,4,H4,NA,Blank,NA,,
20260320,72hpf,low_temperature,1,plate_1_low,H,5,H5,NA,Blank,NA,,
20260320,72hpf,low_temperature,1,plate_1_low,H,6,H6,NA,Blank,NA,,
20260320,72hpf,low_temperature,1,plate_1_low,H,7,H7,NA,Blank,NA,,
20260320,72hpf,low_temperature,1,plate_1_low,H,8,H8,NA,Blank,NA,,
20260320,72hpf,low_temperature,1,plate_1_low,H,9,H9,NA,Blank,NA,,
20260320,72hpf,low_temperature,1,plate_1_low,H,10,H10,NA,Blank,NA,,
20260320,72hpf,low_temperature,1,plate_1_low,H,11,H11,NA,Blank,NA,,
20260320,72hpf,low_temperature,1,plate_1_low,H,12,H12,NA,Blank,NA,,
20260320,72hpf,low_temperature,2,plate_2_low,A,1,A1,54,Sample,24,,
20260320,72hpf,low_temperature,2,plate_2_low,A,2,A2,55,Sample,80,,
20260320,72hpf,low_temperature,2,plate_2_low,A,3,A3,56,Sample,15,,
20260320,72hpf,low_temperature,2,plate_2_low,A,4,A4,57,Sample,84,,
20260320,72hpf,low_temperature,2,plate_2_low,A,5,A5,53,Sample,61,,
20260320,72hpf,low_temperature,2,plate_2_low,A,6,A6,52,Sample,46,,
20260320,72hpf,low_temperature,2,plate_2_low,A,7,A7,1,Sample,11,,
20260320,72hpf,low_temperature,2,plate_2_low,A,8,A8,4,Sample,16,,
20260320,72hpf,low_temperature,2,plate_2_low,A,9,A9,6,Sample,36,,
20260320,72hpf,low_temperature,2,plate_2_low,A,10,A10,5,Sample,48,,has no volume
20260320,72hpf,low_temperature,2,plate_2_low,A,11,A11,8,Sample,19,,has no volume
20260320,72hpf,low_temperature,2,plate_2_low,A,12,A12,3,Sample,7,,has no volume
20260320,72hpf,low_temperature,2,plate_2_low,B,1,B1,54,Sample,9,,
20260320,72hpf,low_temperature,2,plate_2_low,B,2,B2,55,Sample,66,,
20260320,72hpf,low_temperature,2,plate_2_low,B,3,B3,56,Sample,0,,has no volume
20260320,72hpf,low_temperature,2,plate_2_low,B,4,B4,57,Sample,65,,
20260320,72hpf,low_temperature,2,plate_2_low,B,5,B5,53,Sample,56,,
20260320,72hpf,low_temperature,2,plate_2_low,B,6,B6,52,Sample,49,,
20260320,72hpf,low_temperature,2,plate_2_low,B,7,B7,1,Sample,26,,
20260320,72hpf,low_temperature,2,plate_2_low,B,8,B8,4,Sample,0,,has no volume
20260320,72hpf,low_temperature,2,plate_2_low,B,9,B9,6,Sample,34,,
20260320,72hpf,low_temperature,2,plate_2_low,B,10,B10,5,Sample,54,,has less volume
20260320,72hpf,low_temperature,2,plate_2_low,B,11,B11,8,Sample,0,,has no volume
20260320,72hpf,low_temperature,2,plate_2_low,B,12,B12,3,Sample,1,,has no volume
20260320,72hpf,low_temperature,2,plate_2_low,C,1,C1,54,Sample,9,,
20260320,72hpf,low_temperature,2,plate_2_low,C,2,C2,55,Sample,68,,
20260320,72hpf,low_temperature,2,plate_2_low,C,3,C3,56,Sample,35,,
20260320,72hpf,low_temperature,2,plate_2_low,C,4,C4,57,Sample,98,,
20260320,72hpf,low_temperature,2,plate_2_low,C,5,C5,53,Sample,70,,
20260320,72hpf,low_temperature,2,plate_2_low,C,6,C6,52,Sample,43,,
20260320,72hpf,low_temperature,2,plate_2_low,C,7,C7,1,Sample,36,,
20260320,72hpf,low_temperature,2,plate_2_low,C,8,C8,4,Sample,35,,has less volume
20260320,72hpf,low_temperature,2,plate_2_low,C,9,C9,6,Sample,4,,
20260320,72hpf,low_temperature,2,plate_2_low,C,10,C10,5,Sample,23,,
20260320,72hpf,low_temperature,2,plate_2_low,C,11,C11,8,Sample,112,,
20260320,72hpf,low_temperature,2,plate_2_low,C,12,C12,3,Sample,0,,has no volume
20260320,72hpf,low_temperature,2,plate_2_low,D,1,D1,54,Sample,6,,
20260320,72hpf,low_temperature,2,plate_2_low,D,2,D2,55,Sample,96,,
20260320,72hpf,low_temperature,2,plate_2_low,D,3,D3,56,Sample,1,,has no volume
20260320,72hpf,low_temperature,2,plate_2_low,D,4,D4,57,Sample,1,,
20260320,72hpf,low_temperature,2,plate_2_low,D,5,D5,53,Sample,74,,
20260320,72hpf,low_temperature,2,plate_2_low,D,6,D6,52,Sample,0,,has no volume
20260320,72hpf,low_temperature,2,plate_2_low,D,7,D7,1,Sample,67,,
20260320,72hpf,low_temperature,2,plate_2_low,D,8,D8,4,Sample,33,,
20260320,72hpf,low_temperature,2,plate_2_low,D,9,D9,6,Sample,0,,has no volume
20260320,72hpf,low_temperature,2,plate_2_low,D,10,D10,5,Sample,69,,
20260320,72hpf,low_temperature,2,plate_2_low,D,11,D11,8,Sample,92,,
20260320,72hpf,low_temperature,2,plate_2_low,D,12,D12,3,Sample,0,,has no volume
20260320,72hpf,low_temperature,2,plate_2_low,E,1,E1,54,Sample,33,,
20260320,72hpf,low_temperature,2,plate_2_low,E,2,E2,55,Sample,116,,
20260320,72hpf,low_temperature,2,plate_2_low,E,3,E3,56,Sample,18,,
20260320,72hpf,low_temperature,2,plate_2_low,E,4,E4,57,Sample,84,,
20260320,72hpf,low_temperature,2,plate_2_low,E,5,E5,53,Sample,68,,
20260320,72hpf,low_temperature,2,plate_2_low,E,6,E6,52,Sample,43,,
20260320,72hpf,low_temperature,2,plate_2_low,E,7,E7,1,Sample,64,,
20260320,72hpf,low_temperature,2,plate_2_low,E,8,E8,4,Sample,34,,
20260320,72hpf,low_temperature,2,plate_2_low,E,9,E9,6,Sample,0,,has no volume
20260320,72hpf,low_temperature,2,plate_2_low,E,10,E10,5,Sample,85,,
20260320,72hpf,low_temperature,2,plate_2_low,E,11,E11,8,Sample,94,,
20260320,72hpf,low_temperature,2,plate_2_low,E,12,E12,3,Sample,0,,has no volume
20260320,72hpf,low_temperature,2,plate_2_low,F,1,F1,54,Sample,29,,
20260320,72hpf,low_temperature,2,plate_2_low,F,2,F2,55,Sample,0,,has no volume
20260320,72hpf,low_temperature,2,plate_2_low,F,3,F3,56,Sample,22,,
20260320,72hpf,low_temperature,2,plate_2_low,F,4,F4,57,Sample,83,,
20260320,72hpf,low_temperature,2,plate_2_low,F,5,F5,53,Sample,0,,has no volume
20260320,72hpf,low_temperature,2,plate_2_low,F,6,F6,52,Sample,36,,
20260320,72hpf,low_temperature,2,plate_2_low,F,7,F7,1,Sample,14,,has less volume
20260320,72hpf,low_temperature,2,plate_2_low,F,8,F8,4,Sample,42,,
20260320,72hpf,low_temperature,2,plate_2_low,F,9,F9,6,Sample,0,,has no volume
20260320,72hpf,low_temperature,2,plate_2_low,F,10,F10,5,Sample,71,,
20260320,72hpf,low_temperature,2,plate_2_low,F,11,F11,8,Sample,76,,
20260320,72hpf,low_temperature,2,plate_2_low,F,12,F12,3,Sample,52,,
20260320,72hpf,low_temperature,2,plate_2_low,G,1,G1,54,Sample,31,,
20260320,72hpf,low_temperature,2,plate_2_low,G,2,G2,55,Sample,115,,
20260320,72hpf,low_temperature,2,plate_2_low,G,3,G3,56,Sample,0,,
20260320,72hpf,low_temperature,2,plate_2_low,G,4,G4,57,Sample,82,,
20260320,72hpf,low_temperature,2,plate_2_low,G,5,G5,53,Sample,0,,
20260320,72hpf,low_temperature,2,plate_2_low,G,6,G6,52,Sample,49,,
20260320,72hpf,low_temperature,2,plate_2_low,G,7,G7,1,Sample,31,,
20260320,72hpf,low_temperature,2,plate_2_low,G,8,G8,4,Sample,0,,
20260320,72hpf,low_temperature,2,plate_2_low,G,9,G9,6,Sample,0,,
20260320,72hpf,low_temperature,2,plate_2_low,G,10,G10,5,Sample,99,,
20260320,72hpf,low_temperature,2,plate_2_low,G,11,G11,8,Sample,78,,
20260320,72hpf,low_temperature,2,plate_2_low,G,12,G12,3,Sample,40,,
20260320,72hpf,low_temperature,2,plate_2_low,H,1,H1,NA,Blank,NA,,
20260320,72hpf,low_temperature,2,plate_2_low,H,2,H2,NA,Blank,NA,,
20260320,72hpf,low_temperature,2,plate_2_low,H,3,H3,NA,Blank,NA,,
20260320,72hpf,low_temperature,2,plate_2_low,H,4,H4,NA,Blank,NA,,
20260320,72hpf,low_temperature,2,plate_2_low,H,5,H5,NA,Blank,NA,,
20260320,72hpf,low_temperature,2,plate_2_low,H,6,H6,NA,Blank,NA,,
20260320,72hpf,low_temperature,2,plate_2_low,H,7,H7,NA,Blank,NA,,
20260320,72hpf,low_temperature,2,plate_2_low,H,8,H8,NA,Blank,NA,,
20260320,72hpf,low_temperature,2,plate_2_low,H,9,H9,NA,Blank,NA,,
20260320,72hpf,low_temperature,2,plate_2_low,H,10,H10,NA,Blank,NA,,
20260320,72hpf,low_temperature,2,plate_2_low,H,11,H11,NA,Blank,NA,,
20260320,72hpf,low_temperature,2,plate_2_low,H,12,H12,NA,Blank,NA,,
20260401,360hpf,26C,1,plate_1_26,A,1,A1,1,Sample,87,,
20260401,360hpf,26C,1,plate_1_26,A,2,A2,3,Sample,5,,
20260401,360hpf,26C,1,plate_1_26,A,3,A3,4,Sample,8,,
20260401,360hpf,26C,1,plate_1_26,A,4,A4,5,Sample,29,,
20260401,360hpf,26C,1,plate_1_26,A,5,A5,6,Sample,14,,
20260401,360hpf,26C,1,plate_1_26,A,6,A6,8,Sample,58,,
20260401,360hpf,26C,1,plate_1_26,A,7,A7,52,Sample,16,,
20260401,360hpf,26C,1,plate_1_26,A,8,A8,53,Sample,17,,
20260401,360hpf,26C,1,plate_1_26,A,9,A9,54,Sample,17,,
20260401,360hpf,26C,1,plate_1_26,A,10,A10,55,Sample,54,,
20260401,360hpf,26C,1,plate_1_26,A,11,A11,56,Sample,36,,
20260401,360hpf,26C,1,plate_1_26,A,12,A12,57,Sample,86,,
20260401,360hpf,26C,1,plate_1_26,B,1,B1,1,Sample,28,,
20260401,360hpf,26C,1,plate_1_26,B,2,B2,3,Sample,22,,
20260401,360hpf,26C,1,plate_1_26,B,3,B3,4,Sample,3,,
20260401,360hpf,26C,1,plate_1_26,B,4,B4,5,Sample,4,,
20260401,360hpf,26C,1,plate_1_26,B,5,B5,6,Sample,6,,
20260401,360hpf,26C,1,plate_1_26,B,6,B6,8,Sample,10,,
20260401,360hpf,26C,1,plate_1_26,B,7,B7,52,Sample,26,,
20260401,360hpf,26C,1,plate_1_26,B,8,B8,53,Sample,6,,
20260401,360hpf,26C,1,plate_1_26,B,9,B9,54,Sample,26,,
20260401,360hpf,26C,1,plate_1_26,B,10,B10,55,Sample,24,,
20260401,360hpf,26C,1,plate_1_26,B,11,B11,56,Sample,17,,
20260401,360hpf,26C,1,plate_1_26,B,12,B12,57,Sample,14,,
20260401,360hpf,26C,1,plate_1_26,C,1,C1,1,Sample,14,,
20260401,360hpf,26C,1,plate_1_26,C,2,C2,3,Sample,18,,
20260401,360hpf,26C,1,plate_1_26,C,3,C3,4,Sample,7,,
20260401,360hpf,26C,1,plate_1_26,C,4,C4,5,Sample,14,,
20260401,360hpf,26C,1,plate_1_26,C,5,C5,6,Sample,18,,
20260401,360hpf,26C,1,plate_1_26,C,6,C6,8,Sample,6,,
20260401,360hpf,26C,1,plate_1_26,C,7,C7,52,Sample,15,,
20260401,360hpf,26C,1,plate_1_26,C,8,C8,53,Sample,14,,
20260401,360hpf,26C,1,plate_1_26,C,9,C9,54,Sample,19,,
20260401,360hpf,26C,1,plate_1_26,C,10,C10,55,Sample,15,,
20260401,360hpf,26C,1,plate_1_26,C,11,C11,56,Sample,13,,
20260401,360hpf,26C,1,plate_1_26,C,12,C12,57,Sample,12,,
20260401,360hpf,26C,1,plate_1_26,D,1,D1,1,Sample,11,,
20260401,360hpf,26C,1,plate_1_26,D,2,D2,3,Sample,8,,
20260401,360hpf,26C,1,plate_1_26,D,3,D3,4,Sample,3,,
20260401,360hpf,26C,1,plate_1_26,D,4,D4,5,Sample,16,,
20260401,360hpf,26C,1,plate_1_26,D,5,D5,6,Sample,10,,
20260401,360hpf,26C,1,plate_1_26,D,6,D6,8,Sample,3,,
20260401,360hpf,26C,1,plate_1_26,D,7,D7,52,Sample,29,,
20260401,360hpf,26C,1,plate_1_26,D,8,D8,53,Sample,17,,
20260401,360hpf,26C,1,plate_1_26,D,9,D9,54,Sample,11,,
20260401,360hpf,26C,1,plate_1_26,D,10,D10,55,Sample,44,,
20260401,360hpf,26C,1,plate_1_26,D,11,D11,56,Sample,8,,
20260401,360hpf,26C,1,plate_1_26,D,12,D12,57,Sample,3,,
20260401,360hpf,26C,1,plate_1_26,E,1,E1,1,Sample,35,,
20260401,360hpf,26C,1,plate_1_26,E,2,E2,3,Sample,13,,
20260401,360hpf,26C,1,plate_1_26,E,3,E3,4,Sample,8,,
20260401,360hpf,26C,1,plate_1_26,E,4,E4,5,Sample,7,,
20260401,360hpf,26C,1,plate_1_26,E,5,E5,6,Sample,13,,
20260401,360hpf,26C,1,plate_1_26,E,6,E6,8,Sample,6,,
20260401,360hpf,26C,1,plate_1_26,E,7,E7,52,Sample,10,,
20260401,360hpf,26C,1,plate_1_26,E,8,E8,53,Sample,12,,
20260401,360hpf,26C,1,plate_1_26,E,9,E9,54,Sample,18,,
20260401,360hpf,26C,1,plate_1_26,E,10,E10,55,Sample,62,,
20260401,360hpf,26C,1,plate_1_26,E,11,E11,56,Sample,22,,
20260401,360hpf,26C,1,plate_1_26,E,12,E12,57,Sample,19,,
20260401,360hpf,26C,1,plate_1_26,F,1,F1,1,Sample,37,,
20260401,360hpf,26C,1,plate_1_26,F,2,F2,3,Sample,10,,
20260401,360hpf,26C,1,plate_1_26,F,3,F3,4,Sample,6,,
20260401,360hpf,26C,1,plate_1_26,F,4,F4,5,Sample,7,,
20260401,360hpf,26C,1,plate_1_26,F,5,F5,6,Sample,7,,
20260401,360hpf,26C,1,plate_1_26,F,6,F6,8,Sample,39,,
20260401,360hpf,26C,1,plate_1_26,F,7,F7,52,Sample,12,,
20260401,360hpf,26C,1,plate_1_26,F,8,F8,53,Sample,11,,
20260401,360hpf,26C,1,plate_1_26,F,9,F9,54,Sample,10,,
20260401,360hpf,26C,1,plate_1_26,F,10,F10,55,Sample,24,,
20260401,360hpf,26C,1,plate_1_26,F,11,F11,56,Sample,5,,
20260401,360hpf,26C,1,plate_1_26,F,12,F12,57,Sample,20,,
20260401,360hpf,26C,1,plate_1_26,G,1,G1,1,Sample,17,,
20260401,360hpf,26C,1,plate_1_26,G,2,G2,3,Sample,7,,
20260401,360hpf,26C,1,plate_1_26,G,3,G3,4,Sample,8,,
20260401,360hpf,26C,1,plate_1_26,G,4,G4,5,Sample,22,,
20260401,360hpf,26C,1,plate_1_26,G,5,G5,6,Sample,11,,
20260401,360hpf,26C,1,plate_1_26,G,6,G6,8,Sample,66,,
20260401,360hpf,26C,1,plate_1_26,G,7,G7,52,Sample,27,,
20260401,360hpf,26C,1,plate_1_26,G,8,G8,53,Sample,50,,
20260401,360hpf,26C,1,plate_1_26,G,9,G9,54,Sample,15,,
20260401,360hpf,26C,1,plate_1_26,G,10,G10,55,Sample,0,,
20260401,360hpf,26C,1,plate_1_26,G,11,G11,56,Sample,6,,
20260401,360hpf,26C,1,plate_1_26,G,12,G12,57,Sample,3,,
20260401,360hpf,26C,1,plate_1_26,H,1,H1,NA,Blank,NA,,
20260401,360hpf,26C,1,plate_1_26,H,2,H2,NA,Blank,NA,,
20260401,360hpf,26C,1,plate_1_26,H,3,H3,NA,Blank,NA,,
20260401,360hpf,26C,1,plate_1_26,H,4,H4,NA,Blank,NA,,
20260401,360hpf,26C,1,plate_1_26,H,5,H5,NA,Blank,NA,,
20260401,360hpf,26C,1,plate_1_26,H,6,H6,NA,Blank,NA,,
20260401,360hpf,26C,1,plate_1_26,H,7,H7,NA,Blank,NA,,
20260401,360hpf,26C,1,plate_1_26,H,8,H8,NA,Blank,NA,,
20260401,360hpf,26C,1,plate_1_26,H,9,H9,NA,Blank,NA,,
20260401,360hpf,26C,1,plate_1_26,H,10,H10,NA,Blank,NA,,
20260401,360hpf,26C,1,plate_1_26,H,11,H11,NA,Blank,NA,,
20260401,360hpf,26C,1,plate_1_26,H,12,H12,NA,Blank,NA,,
20260401,360hpf,30C,2,plate_2_30,A,1,A1,1,Sample,79,,
20260401,360hpf,30C,2,plate_2_30,A,2,A2,3,Sample,12,,
20260401,360hpf,30C,2,plate_2_30,A,3,A3,4,Sample,4,,
20260401,360hpf,30C,2,plate_2_30,A,4,A4,5,Sample,4,,
20260401,360hpf,30C,2,plate_2_30,A,5,A5,6,Sample,8,,
20260401,360hpf,30C,2,plate_2_30,A,6,A6,8,Sample,5,,
20260401,360hpf,30C,2,plate_2_30,A,7,A7,52,Sample,18,,
20260401,360hpf,30C,2,plate_2_30,A,8,A8,53,Sample,6,,
20260401,360hpf,30C,2,plate_2_30,A,9,A9,54,Sample,11,,
20260401,360hpf,30C,2,plate_2_30,A,10,A10,55,Sample,13,,
20260401,360hpf,30C,2,plate_2_30,A,11,A11,56,Sample,26,,
20260401,360hpf,30C,2,plate_2_30,A,12,A12,57,Sample,5,,
20260401,360hpf,30C,2,plate_2_30,B,1,B1,1,Sample,16,,
20260401,360hpf,30C,2,plate_2_30,B,2,B2,3,Sample,12,,
20260401,360hpf,30C,2,plate_2_30,B,3,B3,4,Sample,6,,
20260401,360hpf,30C,2,plate_2_30,B,4,B4,5,Sample,4,,
20260401,360hpf,30C,2,plate_2_30,B,5,B5,6,Sample,11,,
20260401,360hpf,30C,2,plate_2_30,B,6,B6,8,Sample,22,,
20260401,360hpf,30C,2,plate_2_30,B,7,B7,52,Sample,7,,
20260401,360hpf,30C,2,plate_2_30,B,8,B8,53,Sample,2,,
20260401,360hpf,30C,2,plate_2_30,B,9,B9,54,Sample,12,,
20260401,360hpf,30C,2,plate_2_30,B,10,B10,55,Sample,38,,
20260401,360hpf,30C,2,plate_2_30,B,11,B11,56,Sample,11,,
20260401,360hpf,30C,2,plate_2_30,B,12,B12,57,Sample,4,,
20260401,360hpf,30C,2,plate_2_30,C,1,C1,1,Sample,29,,
20260401,360hpf,30C,2,plate_2_30,C,2,C2,3,Sample,10,,
20260401,360hpf,30C,2,plate_2_30,C,3,C3,4,Sample,2,,
20260401,360hpf,30C,2,plate_2_30,C,4,C4,5,Sample,0,,
20260401,360hpf,30C,2,plate_2_30,C,5,C5,6,Sample,11,,
20260401,360hpf,30C,2,plate_2_30,C,6,C6,8,Sample,30,,
20260401,360hpf,30C,2,plate_2_30,C,7,C7,52,Sample,16,,
20260401,360hpf,30C,2,plate_2_30,C,8,C8,53,Sample,28,,
20260401,360hpf,30C,2,plate_2_30,C,9,C9,54,Sample,10,,
20260401,360hpf,30C,2,plate_2_30,C,10,C10,55,Sample,13,,
20260401,360hpf,30C,2,plate_2_30,C,11,C11,56,Sample,14,,
20260401,360hpf,30C,2,plate_2_30,C,12,C12,57,Sample,9,,
20260401,360hpf,30C,2,plate_2_30,D,1,D1,1,Sample,51,,
20260401,360hpf,30C,2,plate_2_30,D,2,D2,3,Sample,12,,
20260401,360hpf,30C,2,plate_2_30,D,3,D3,4,Sample,5,,
20260401,360hpf,30C,2,plate_2_30,D,4,D4,5,Sample,28,,
20260401,360hpf,30C,2,plate_2_30,D,5,D5,6,Sample,13,,
20260401,360hpf,30C,2,plate_2_30,D,6,D6,8,Sample,17,,
20260401,360hpf,30C,2,plate_2_30,D,7,D7,52,Sample,16,,
20260401,360hpf,30C,2,plate_2_30,D,8,D8,53,Sample,6,,
20260401,360hpf,30C,2,plate_2_30,D,9,D9,54,Sample,11,,
20260401,360hpf,30C,2,plate_2_30,D,10,D10,55,Sample,25,,
20260401,360hpf,30C,2,plate_2_30,D,11,D11,56,Sample,26,,
20260401,360hpf,30C,2,plate_2_30,D,12,D12,57,Sample,30,,
20260401,360hpf,30C,2,plate_2_30,E,1,E1,1,Sample,14,,
20260401,360hpf,30C,2,plate_2_30,E,2,E2,3,Sample,9,,
20260401,360hpf,30C,2,plate_2_30,E,3,E3,4,Sample,13,,
20260401,360hpf,30C,2,plate_2_30,E,4,E4,5,Sample,3,,
20260401,360hpf,30C,2,plate_2_30,E,5,E5,6,Sample,5,,
20260401,360hpf,30C,2,plate_2_30,E,6,E6,8,Sample,12,,
20260401,360hpf,30C,2,plate_2_30,E,7,E7,52,Sample,16,,
20260401,360hpf,30C,2,plate_2_30,E,8,E8,53,Sample,31,,
20260401,360hpf,30C,2,plate_2_30,E,9,E9,54,Sample,14,,
20260401,360hpf,30C,2,plate_2_30,E,10,E10,55,Sample,7,,
20260401,360hpf,30C,2,plate_2_30,E,11,E11,56,Sample,15,,
20260401,360hpf,30C,2,plate_2_30,E,12,E12,57,Sample,61,,
20260401,360hpf,30C,2,plate_2_30,F,1,F1,1,Sample,34,,
20260401,360hpf,30C,2,plate_2_30,F,2,F2,3,Sample,14,,
20260401,360hpf,30C,2,plate_2_30,F,3,F3,4,Sample,14,,
20260401,360hpf,30C,2,plate_2_30,F,4,F4,5,Sample,24,,
20260401,360hpf,30C,2,plate_2_30,F,5,F5,6,Sample,6,,
20260401,360hpf,30C,2,plate_2_30,F,6,F6,8,Sample,60,,
20260401,360hpf,30C,2,plate_2_30,F,7,F7,52,Sample,11,,
20260401,360hpf,30C,2,plate_2_30,F,8,F8,53,Sample,51,,
20260401,360hpf,30C,2,plate_2_30,F,9,F9,54,Sample,7,,
20260401,360hpf,30C,2,plate_2_30,F,10,F10,55,Sample,20,,
20260401,360hpf,30C,2,plate_2_30,F,11,F11,56,Sample,16,,
20260401,360hpf,30C,2,plate_2_30,F,12,F12,57,Sample,45,,
20260401,360hpf,30C,2,plate_2_30,G,1,G1,1,Sample,11,,
20260401,360hpf,30C,2,plate_2_30,G,2,G2,3,Sample,13,,
20260401,360hpf,30C,2,plate_2_30,G,3,G3,4,Sample,66,,
20260401,360hpf,30C,2,plate_2_30,G,4,G4,5,Sample,16,,
20260401,360hpf,30C,2,plate_2_30,G,5,G5,6,Sample,12,,
20260401,360hpf,30C,2,plate_2_30,G,6,G6,8,Sample,60,,
20260401,360hpf,30C,2,plate_2_30,G,7,G7,52,Sample,11,,
20260401,360hpf,30C,2,plate_2_30,G,8,G8,53,Sample,30,,
20260401,360hpf,30C,2,plate_2_30,G,9,G9,54,Sample,12,,
20260401,360hpf,30C,2,plate_2_30,G,10,G10,55,Sample,3,,
20260401,360hpf,30C,2,plate_2_30,G,11,G11,56,Sample,6,,
20260401,360hpf,30C,2,plate_2_30,G,12,G12,57,Sample,8,,
20260401,360hpf,30C,2,plate_2_30,H,1,H1,1,Blank,NA,,
20260401,360hpf,30C,2,plate_2_30,H,2,H2,3,Blank,NA,,
20260401,360hpf,30C,2,plate_2_30,H,3,H3,4,Blank,NA,,
20260401,360hpf,30C,2,plate_2_30,H,4,H4,5,Blank,NA,,
20260401,360hpf,30C,2,plate_2_30,H,5,H5,6,Blank,NA,,
20260401,360hpf,30C,2,plate_2_30,H,6,H6,8,Blank,NA,,
20260401,360hpf,30C,2,plate_2_30,H,7,H7,52,Blank,NA,,
20260401,360hpf,30C,2,plate_2_30,H,8,H8,53,Blank,NA,,
20260401,360hpf,30C,2,plate_2_30,H,9,H9,54,Blank,NA,,
20260401,360hpf,30C,2,plate_2_30,H,10,H10,55,Blank,NA,,
20260401,360hpf,30C,2,plate_2_30,H,11,H11,56,Blank,NA,,
20260401,360hpf,30C,2,plate_2_30,H,12,H12,57,Blank,NA,,
20260401,360hpf,34C,3,plate_3_34,A,1,A1,1,Sample,11,,
20260401,360hpf,34C,3,plate_3_34,A,2,A2,3,Sample,22,,
20260401,360hpf,34C,3,plate_3_34,A,3,A3,4,Sample,3,,
20260401,360hpf,34C,3,plate_3_34,A,4,A4,5,Sample,11,,
20260401,360hpf,34C,3,plate_3_34,A,5,A5,6,Sample,14,,
20260401,360hpf,34C,3,plate_3_34,A,6,A6,8,Sample,15,,
20260401,360hpf,34C,3,plate_3_34,A,7,A7,52,Sample,24,,
20260401,360hpf,34C,3,plate_3_34,A,8,A8,53,Sample,5,,
20260401,360hpf,34C,3,plate_3_34,A,9,A9,54,Sample,9,,
20260401,360hpf,34C,3,plate_3_34,A,10,A10,55,Sample,1,,
20260401,360hpf,34C,3,plate_3_34,A,11,A11,56,Sample,16,,
20260401,360hpf,34C,3,plate_3_34,A,12,A12,57,Sample,12,,
20260401,360hpf,34C,3,plate_3_34,B,1,B1,1,Sample,4,,
20260401,360hpf,34C,3,plate_3_34,B,2,B2,3,Sample,16,,
20260401,360hpf,34C,3,plate_3_34,B,3,B3,4,Sample,3,,
20260401,360hpf,34C,3,plate_3_34,B,4,B4,5,Sample,2,,
20260401,360hpf,34C,3,plate_3_34,B,5,B5,6,Sample,4,,
20260401,360hpf,34C,3,plate_3_34,B,6,B6,8,Sample,7,,
20260401,360hpf,34C,3,plate_3_34,B,7,B7,52,Sample,20,,
20260401,360hpf,34C,3,plate_3_34,B,8,B8,53,Sample,14,,
20260401,360hpf,34C,3,plate_3_34,B,9,B9,54,Sample,14,,
20260401,360hpf,34C,3,plate_3_34,B,10,B10,55,Sample,10,,
20260401,360hpf,34C,3,plate_3_34,B,11,B11,56,Sample,9,,
20260401,360hpf,34C,3,plate_3_34,B,12,B12,57,Sample,11,,
20260401,360hpf,34C,3,plate_3_34,C,1,C1,1,Sample,22,,
20260401,360hpf,34C,3,plate_3_34,C,2,C2,3,Sample,15,,
20260401,360hpf,34C,3,plate_3_34,C,3,C3,4,Sample,9,,
20260401,360hpf,34C,3,plate_3_34,C,4,C4,5,Sample,6,,
20260401,360hpf,34C,3,plate_3_34,C,5,C5,6,Sample,7,,
20260401,360hpf,34C,3,plate_3_34,C,6,C6,8,Sample,17,,
20260401,360hpf,34C,3,plate_3_34,C,7,C7,52,Sample,30,,
20260401,360hpf,34C,3,plate_3_34,C,8,C8,53,Sample,7,,
20260401,360hpf,34C,3,plate_3_34,C,9,C9,54,Sample,12,,
20260401,360hpf,34C,3,plate_3_34,C,10,C10,55,Sample,8,,
20260401,360hpf,34C,3,plate_3_34,C,11,C11,56,Sample,9,,
20260401,360hpf,34C,3,plate_3_34,C,12,C12,57,Sample,20,,
20260401,360hpf,34C,3,plate_3_34,D,1,D1,1,Sample,21,,
20260401,360hpf,34C,3,plate_3_34,D,2,D2,3,Sample,9,,
20260401,360hpf,34C,3,plate_3_34,D,3,D3,4,Sample,23,,
20260401,360hpf,34C,3,plate_3_34,D,4,D4,5,Sample,22,,
20260401,360hpf,34C,3,plate_3_34,D,5,D5,6,Sample,14,,
20260401,360hpf,34C,3,plate_3_34,D,6,D6,8,Sample,15,,
20260401,360hpf,34C,3,plate_3_34,D,7,D7,52,Sample,17,,
20260401,360hpf,34C,3,plate_3_34,D,8,D8,53,Sample,14,,
20260401,360hpf,34C,3,plate_3_34,D,9,D9,54,Sample,8,,
20260401,360hpf,34C,3,plate_3_34,D,10,D10,55,Sample,4,,
20260401,360hpf,34C,3,plate_3_34,D,11,D11,56,Sample,11,,
20260401,360hpf,34C,3,plate_3_34,D,12,D12,57,Sample,17,,
20260401,360hpf,34C,3,plate_3_34,E,1,E1,1,Sample,16,,
20260401,360hpf,34C,3,plate_3_34,E,2,E2,3,Sample,18,,
20260401,360hpf,34C,3,plate_3_34,E,3,E3,4,Sample,11,,
20260401,360hpf,34C,3,plate_3_34,E,4,E4,5,Sample,23,,
20260401,360hpf,34C,3,plate_3_34,E,5,E5,6,Sample,15,,
20260401,360hpf,34C,3,plate_3_34,E,6,E6,8,Sample,54,,
20260401,360hpf,34C,3,plate_3_34,E,7,E7,52,Sample,48,,
20260401,360hpf,34C,3,plate_3_34,E,8,E8,53,Sample,5,,
20260401,360hpf,34C,3,plate_3_34,E,9,E9,54,Sample,27,,
20260401,360hpf,34C,3,plate_3_34,E,10,E10,55,Sample,13,,
20260401,360hpf,34C,3,plate_3_34,E,11,E11,56,Sample,14,,
20260401,360hpf,34C,3,plate_3_34,E,12,E12,57,Sample,7,,
20260401,360hpf,34C,3,plate_3_34,F,1,F1,1,Sample,33,,
20260401,360hpf,34C,3,plate_3_34,F,2,F2,3,Sample,5,,
20260401,360hpf,34C,3,plate_3_34,F,3,F3,4,Sample,0,,
20260401,360hpf,34C,3,plate_3_34,F,4,F4,5,Sample,20,,
20260401,360hpf,34C,3,plate_3_34,F,5,F5,6,Sample,12,,
20260401,360hpf,34C,3,plate_3_34,F,6,F6,8,Sample,65,,
20260401,360hpf,34C,3,plate_3_34,F,7,F7,52,Sample,26,,
20260401,360hpf,34C,3,plate_3_34,F,8,F8,53,Sample,4,,
20260401,360hpf,34C,3,plate_3_34,F,9,F9,54,Sample,25,,
20260401,360hpf,34C,3,plate_3_34,F,10,F10,55,Sample,23,,
20260401,360hpf,34C,3,plate_3_34,F,11,F11,56,Sample,8,,
20260401,360hpf,34C,3,plate_3_34,F,12,F12,57,Sample,6,,
20260401,360hpf,34C,3,plate_3_34,G,1,G1,1,Sample,7,,
20260401,360hpf,34C,3,plate_3_34,G,2,G2,3,Sample,10,,
20260401,360hpf,34C,3,plate_3_34,G,3,G3,4,Sample,11,,
20260401,360hpf,34C,3,plate_3_34,G,4,G4,5,Sample,8,,
20260401,360hpf,34C,3,plate_3_34,G,5,G5,6,Sample,15,,
20260401,360hpf,34C,3,plate_3_34,G,6,G6,8,Sample,7,,
20260401,360hpf,34C,3,plate_3_34,G,7,G7,52,Sample,17,,
20260401,360hpf,34C,3,plate_3_34,G,8,G8,53,Sample,5,,
20260401,360hpf,34C,3,plate_3_34,G,9,G9,54,Sample,9,,
20260401,360hpf,34C,3,plate_3_34,G,10,G10,55,Sample,3,,
20260401,360hpf,34C,3,plate_3_34,G,11,G11,56,Sample,6,,
20260401,360hpf,34C,3,plate_3_34,G,12,G12,57,Sample,8,,
20260401,360hpf,34C,3,plate_3_34,H,1,H1,NA,Blank,NA,,
20260401,360hpf,34C,3,plate_3_34,H,2,H2,NA,Blank,NA,,
20260401,360hpf,34C,3,plate_3_34,H,3,H3,NA,Blank,NA,,
20260401,360hpf,34C,3,plate_3_34,H,4,H4,NA,Blank,NA,,
20260401,360hpf,34C,3,plate_3_34,H,5,H5,NA,Blank,NA,,
20260401,360hpf,34C,3,plate_3_34,H,6,H6,NA,Blank,NA,,
20260401,360hpf,34C,3,plate_3_34,H,7,H7,NA,Blank,NA,,
20260401,360hpf,34C,3,plate_3_34,H,8,H8,NA,Blank,NA,,
20260401,360hpf,34C,3,plate_3_34,H,9,H9,NA,Blank,NA,,
20260401,360hpf,34C,3,plate_3_34,H,10,H10,NA,Blank,NA,,
20260401,360hpf,34C,3,plate_3_34,H,11,H11,NA,Blank,NA,,
20260401,360hpf,34C,3,plate_3_34,H,12,H12,NA,Blank,NA,,
20260401,360hpf,38C,4,plate_4_38,A,1,A1,1,Sample,60,,
20260401,360hpf,38C,4,plate_4_38,A,2,A2,3,Sample,8,,
20260401,360hpf,38C,4,plate_4_38,A,3,A3,4,Sample,3,,
20260401,360hpf,38C,4,plate_4_38,A,4,A4,5,Sample,10,,
20260401,360hpf,38C,4,plate_4_38,A,5,A5,6,Sample,14,,
20260401,360hpf,38C,4,plate_4_38,A,6,A6,8,Sample,10,,
20260401,360hpf,38C,4,plate_4_38,A,7,A7,52,Sample,18,,
20260401,360hpf,38C,4,plate_4_38,A,8,A8,53,Sample,4,,
20260401,360hpf,38C,4,plate_4_38,A,9,A9,54,Sample,17,,
20260401,360hpf,38C,4,plate_4_38,A,10,A10,55,Sample,13,,
20260401,360hpf,38C,4,plate_4_38,A,11,A11,56,Sample,27,,
20260401,360hpf,38C,4,plate_4_38,A,12,A12,57,Sample,25,,
20260401,360hpf,38C,4,plate_4_38,B,1,B1,1,Sample,13,,
20260401,360hpf,38C,4,plate_4_38,B,2,B2,3,Sample,13,,
20260401,360hpf,38C,4,plate_4_38,B,3,B3,4,Sample,47,,
20260401,360hpf,38C,4,plate_4_38,B,4,B4,5,Sample,5,,
20260401,360hpf,38C,4,plate_4_38,B,5,B5,6,Sample,12,,
20260401,360hpf,38C,4,plate_4_38,B,6,B6,8,Sample,24,,
20260401,360hpf,38C,4,plate_4_38,B,7,B7,52,Sample,24,,
20260401,360hpf,38C,4,plate_4_38,B,8,B8,53,Sample,19,,
20260401,360hpf,38C,4,plate_4_38,B,9,B9,54,Sample,28,,
20260401,360hpf,38C,4,plate_4_38,B,10,B10,55,Sample,5,,
20260401,360hpf,38C,4,plate_4_38,B,11,B11,56,Sample,17,,
20260401,360hpf,38C,4,plate_4_38,B,12,B12,57,Sample,17,,
20260401,360hpf,38C,4,plate_4_38,C,1,C1,1,Sample,19,,
20260401,360hpf,38C,4,plate_4_38,C,2,C2,3,Sample,12,,
20260401,360hpf,38C,4,plate_4_38,C,3,C3,4,Sample,8,,
20260401,360hpf,38C,4,plate_4_38,C,4,C4,5,Sample,15,,
20260401,360hpf,38C,4,plate_4_38,C,5,C5,6,Sample,6,,
20260401,360hpf,38C,4,plate_4_38,C,6,C6,8,Sample,10,,
20260401,360hpf,38C,4,plate_4_38,C,7,C7,52,Sample,16,,
20260401,360hpf,38C,4,plate_4_38,C,8,C8,53,Sample,33,,
20260401,360hpf,38C,4,plate_4_38,C,9,C9,54,Sample,9,,
20260401,360hpf,38C,4,plate_4_38,C,10,C10,55,Sample,8,,
20260401,360hpf,38C,4,plate_4_38,C,11,C11,56,Sample,24,,
20260401,360hpf,38C,4,plate_4_38,C,12,C12,57,Sample,13,,
20260401,360hpf,38C,4,plate_4_38,D,1,D1,1,Sample,71,,
20260401,360hpf,38C,4,plate_4_38,D,2,D2,3,Sample,18,,
20260401,360hpf,38C,4,plate_4_38,D,3,D3,4,Sample,9,,
20260401,360hpf,38C,4,plate_4_38,D,4,D4,5,Sample,11,,
20260401,360hpf,38C,4,plate_4_38,D,5,D5,6,Sample,13,,
20260401,360hpf,38C,4,plate_4_38,D,6,D6,8,Sample,17,,
20260401,360hpf,38C,4,plate_4_38,D,7,D7,52,Sample,23,,
20260401,360hpf,38C,4,plate_4_38,D,8,D8,53,Sample,3,,
20260401,360hpf,38C,4,plate_4_38,D,9,D9,54,Sample,25,,
20260401,360hpf,38C,4,plate_4_38,D,10,D10,55,Sample,22,,
20260401,360hpf,38C,4,plate_4_38,D,11,D11,56,Sample,10,,
20260401,360hpf,38C,4,plate_4_38,D,12,D12,57,Sample,6,,
20260401,360hpf,38C,4,plate_4_38,E,1,E1,1,Sample,31,,
20260401,360hpf,38C,4,plate_4_38,E,2,E2,3,Sample,16,,
20260401,360hpf,38C,4,plate_4_38,E,3,E3,4,Sample,6,,
20260401,360hpf,38C,4,plate_4_38,E,4,E4,5,Sample,11,,
20260401,360hpf,38C,4,plate_4_38,E,5,E5,6,Sample,14,,
20260401,360hpf,38C,4,plate_4_38,E,6,E6,8,Sample,11,,
20260401,360hpf,38C,4,plate_4_38,E,7,E7,52,Sample,21,,
20260401,360hpf,38C,4,plate_4_38,E,8,E8,53,Sample,63,,
20260401,360hpf,38C,4,plate_4_38,E,9,E9,54,Sample,11,,
20260401,360hpf,38C,4,plate_4_38,E,10,E10,55,Sample,41,,
20260401,360hpf,38C,4,plate_4_38,E,11,E11,56,Sample,14,,
20260401,360hpf,38C,4,plate_4_38,E,12,E12,57,Sample,34,,
20260401,360hpf,38C,4,plate_4_38,F,1,F1,1,Sample,9,,
20260401,360hpf,38C,4,plate_4_38,F,2,F2,3,Sample,8,,
20260401,360hpf,38C,4,plate_4_38,F,3,F3,4,Sample,7,,
20260401,360hpf,38C,4,plate_4_38,F,4,F4,5,Sample,18,,
20260401,360hpf,38C,4,plate_4_38,F,5,F5,6,Sample,16,,
20260401,360hpf,38C,4,plate_4_38,F,6,F6,8,Sample,38,,
20260401,360hpf,38C,4,plate_4_38,F,7,F7,52,Sample,14,,
20260401,360hpf,38C,4,plate_4_38,F,8,F8,53,Sample,6,,
20260401,360hpf,38C,4,plate_4_38,F,9,F9,54,Sample,5,,
20260401,360hpf,38C,4,plate_4_38,F,10,F10,55,Sample,12,,
20260401,360hpf,38C,4,plate_4_38,F,11,F11,56,Sample,16,,
20260401,360hpf,38C,4,plate_4_38,F,12,F12,57,Sample,13,,
20260401,360hpf,38C,4,plate_4_38,G,1,G1,1,Sample,5,,
20260401,360hpf,38C,4,plate_4_38,G,2,G2,3,Sample,18,,
20260401,360hpf,38C,4,plate_4_38,G,3,G3,4,Sample,11,,
20260401,360hpf,38C,4,plate_4_38,G,4,G4,5,Sample,27,,
20260401,360hpf,38C,4,plate_4_38,G,5,G5,6,Sample,25,,
20260401,360hpf,38C,4,plate_4_38,G,6,G6,8,Sample,56,,
20260401,360hpf,38C,4,plate_4_38,G,7,G7,52,Sample,32,,
20260401,360hpf,38C,4,plate_4_38,G,8,G8,53,Sample,12,,
20260401,360hpf,38C,4,plate_4_38,G,9,G9,54,Sample,11,,
20260401,360hpf,38C,4,plate_4_38,G,10,G10,55,Sample,5,,
20260401,360hpf,38C,4,plate_4_38,G,11,G11,56,Sample,8,,
20260401,360hpf,38C,4,plate_4_38,G,12,G12,57,Sample,24,,
20260401,360hpf,38C,4,plate_4_38,H,1,H1,NA,Blank,NA,,
20260401,360hpf,38C,4,plate_4_38,H,2,H2,NA,Blank,NA,,
20260401,360hpf,38C,4,plate_4_38,H,3,H3,NA,Blank,NA,,
20260401,360hpf,38C,4,plate_4_38,H,4,H4,NA,Blank,NA,,
20260401,360hpf,38C,4,plate_4_38,H,5,H5,NA,Blank,NA,,
20260401,360hpf,38C,4,plate_4_38,H,6,H6,NA,Blank,NA,,
20260401,360hpf,38C,4,plate_4_38,H,7,H7,NA,Blank,NA,,
20260401,360hpf,38C,4,plate_4_38,H,8,H8,NA,Blank,NA,,
20260401,360hpf,38C,4,plate_4_38,H,9,H9,NA,Blank,NA,,
20260401,360hpf,38C,4,plate_4_38,H,10,H10,NA,Blank,NA,,
20260401,360hpf,38C,4,plate_4_38,H,11,H11,NA,Blank,NA,,
20260401,360hpf,38C,4,plate_4_38,H,12,H12,NA,Blank,NA,,
20260504,48dpf,26C,1,plate_1_26,A,1,A1,1,Sample,11.4389,,
20260504,48dpf,26C,1,plate_1_26,A,2,A2,3,Sample,16.7192,,
20260504,48dpf,26C,1,plate_1_26,A,3,A3,4,Sample,15.3351,,
20260504,48dpf,26C,1,plate_1_26,A,4,A4,5,Sample,12.1926,,
20260504,48dpf,26C,1,plate_1_26,A,5,A5,6,Sample,11.5207,,
20260504,48dpf,26C,1,plate_1_26,A,6,A6,8,Sample,11.2095,,
20260504,48dpf,26C,1,plate_1_26,A,7,A7,52,Sample,14.9161,,
20260504,48dpf,26C,1,plate_1_26,A,8,A8,53,Sample,11.4953,,
20260504,48dpf,26C,1,plate_1_26,A,9,A9,54,Sample,10.9641,,
20260504,48dpf,26C,1,plate_1_26,A,10,A10,55,Sample,11.654,,
20260504,48dpf,26C,1,plate_1_26,A,11,A11,56,Sample,14.6198,,
20260504,48dpf,26C,1,plate_1_26,A,12,A12,57,Sample,12.1058,,
20260504,48dpf,26C,1,plate_1_26,B,1,B1,1,Sample,15.4008,,
20260504,48dpf,26C,1,plate_1_26,B,2,B2,3,Sample,14.4283,,
20260504,48dpf,26C,1,plate_1_26,B,3,B3,4,Sample,15.6239,,
20260504,48dpf,26C,1,plate_1_26,B,4,B4,5,Sample,14.3521,,
20260504,48dpf,26C,1,plate_1_26,B,5,B5,6,Sample,15.0897,,
20260504,48dpf,26C,1,plate_1_26,B,6,B6,8,Sample,16.8419,,
20260504,48dpf,26C,1,plate_1_26,B,7,B7,52,Sample,12.0804,,
20260504,48dpf,26C,1,plate_1_26,B,8,B8,53,Sample,10.4075,,
20260504,48dpf,26C,1,plate_1_26,B,9,B9,54,Sample,6.6055,,
20260504,48dpf,26C,1,plate_1_26,B,10,B10,55,Sample,8.3556,,
20260504,48dpf,26C,1,plate_1_26,B,11,B11,56,Sample,10.9561,,
20260504,48dpf,26C,1,plate_1_26,B,12,B12,57,Sample,9.3432,,
20260504,48dpf,26C,1,plate_1_26,C,1,C1,1,Sample,14.9501,,
20260504,48dpf,26C,1,plate_1_26,C,2,C2,3,Sample,15.2848,,
20260504,48dpf,26C,1,plate_1_26,C,3,C3,4,Sample,18.0444,,
20260504,48dpf,26C,1,plate_1_26,C,4,C4,5,Sample,17.5726,,
20260504,48dpf,26C,1,plate_1_26,C,5,C5,6,Sample,17.7427,,
20260504,48dpf,26C,1,plate_1_26,C,6,C6,8,Sample,10.3197,,
20260504,48dpf,26C,1,plate_1_26,C,7,C7,52,Sample,10.9122,,
20260504,48dpf,26C,1,plate_1_26,C,8,C8,53,Sample,12.1851,,
20260504,48dpf,26C,1,plate_1_26,C,9,C9,54,Sample,10.5282,,
20260504,48dpf,26C,1,plate_1_26,C,10,C10,55,Sample,10.5501,,
20260504,48dpf,26C,1,plate_1_26,C,11,C11,56,Sample,14.6539,,
20260504,48dpf,26C,1,plate_1_26,C,12,C12,57,Sample,11.9985,,
20260504,48dpf,26C,1,plate_1_26,D,1,D1,1,Sample,13.0958,,
20260504,48dpf,26C,1,plate_1_26,D,2,D2,3,Sample,12.7392,,
20260504,48dpf,26C,1,plate_1_26,D,3,D3,4,Sample,10.0948,,
20260504,48dpf,26C,1,plate_1_26,D,4,D4,5,Sample,8.4983,,
20260504,48dpf,26C,1,plate_1_26,D,5,D5,6,Sample,8.7726,,
20260504,48dpf,26C,1,plate_1_26,D,6,D6,8,Sample,14.407,,
20260504,48dpf,26C,1,plate_1_26,D,7,D7,52,Sample,13.2549,,
20260504,48dpf,26C,1,plate_1_26,D,8,D8,53,Sample,13.5511,,
20260504,48dpf,26C,1,plate_1_26,D,9,D9,54,Sample,11.1811,,
20260504,48dpf,26C,1,plate_1_26,D,10,D10,55,Sample,14.2918,,
20260504,48dpf,26C,1,plate_1_26,D,11,D11,56,Sample,10.007,,
20260504,48dpf,26C,1,plate_1_26,D,12,D12,57,Sample,11.7791,,
20260504,48dpf,26C,1,plate_1_26,E,1,E1,1,Sample,12.3551,,
20260504,48dpf,26C,1,plate_1_26,E,2,E2,3,Sample,20.2718,,
20260504,48dpf,26C,1,plate_1_26,E,3,E3,4,Sample,14.7526,,
20260504,48dpf,26C,1,plate_1_26,E,4,E4,5,Sample,11.4718,,
20260504,48dpf,26C,1,plate_1_26,E,5,E5,6,Sample,8.3501,,
20260504,48dpf,26C,1,plate_1_26,E,6,E6,8,Sample,14.2753,,
20260504,48dpf,26C,1,plate_1_26,E,7,E7,52,Sample,10.8848,,
20260504,48dpf,26C,1,plate_1_26,E,8,E8,53,Sample,14.7856,,
20260504,48dpf,26C,1,plate_1_26,E,9,E9,54,Sample,11.1481,,
20260504,48dpf,26C,1,plate_1_26,E,10,E10,55,Sample,15.2299,,
20260504,48dpf,26C,1,plate_1_26,E,11,E11,56,Sample,14.8898,,
20260504,48dpf,26C,1,plate_1_26,E,12,E12,57,Sample,12.9092,,
20260504,48dpf,26C,1,plate_1_26,F,1,F1,1,Sample,11.2579,,
20260504,48dpf,26C,1,plate_1_26,F,2,F2,3,Sample,14.0339,,
20260504,48dpf,26C,1,plate_1_26,F,3,F3,4,Sample,8.6025,,
20260504,48dpf,26C,1,plate_1_26,F,4,F4,5,Sample,14.7142,,
20260504,48dpf,26C,1,plate_1_26,F,5,F5,6,Sample,10.424,,
20260504,48dpf,26C,1,plate_1_26,F,6,F6,8,Sample,10.8025,,
20260504,48dpf,26C,1,plate_1_26,F,7,F7,52,Sample,5.0693,,
20260504,48dpf,26C,1,plate_1_26,F,8,F8,53,Sample,5.9636,,
20260504,48dpf,26C,1,plate_1_26,F,9,F9,54,Sample,8.3446,,
20260504,48dpf,26C,1,plate_1_26,F,10,F10,55,Sample,13.1561,,
20260504,48dpf,26C,1,plate_1_26,F,11,F11,56,Sample,7.198,,
20260504,48dpf,26C,1,plate_1_26,F,12,F12,57,Sample,12.004,,
20260504,48dpf,26C,1,plate_1_26,G,1,G1,1,Sample,11.3511,,
20260504,48dpf,26C,1,plate_1_26,G,2,G2,3,Sample,14.4673,,
20260504,48dpf,26C,1,plate_1_26,G,3,G3,4,Sample,9.409,,
20260504,48dpf,26C,1,plate_1_26,G,4,G4,5,Sample,10.9726,,
20260504,48dpf,26C,1,plate_1_26,G,5,G5,6,Sample,14.9885,,
20260504,48dpf,26C,1,plate_1_26,G,6,G6,8,Sample,16.991,,
20260504,48dpf,26C,1,plate_1_26,G,7,G7,52,Sample,13.008,,
20260504,48dpf,26C,1,plate_1_26,G,8,G8,53,Sample,9.1566,,
20260504,48dpf,26C,1,plate_1_26,G,9,G9,54,Sample,12.4374,,
20260504,48dpf,26C,1,plate_1_26,G,10,G10,55,Sample,12.015,,
20260504,48dpf,26C,1,plate_1_26,G,11,G11,56,Sample,8.3831,,
20260504,48dpf,26C,1,plate_1_26,G,12,G12,57,Sample,13.3866,,
20260504,48dpf,26C,1,plate_1_26,H,1,H1,NA,Blank,NA,,
20260504,48dpf,26C,1,plate_1_26,H,2,H2,NA,Blank,16.2065,empty shell,
20260504,48dpf,26C,1,plate_1_26,H,3,H3,NA,Blank,NA,,
20260504,48dpf,26C,1,plate_1_26,H,4,H4,NA,Blank,15.5372,empty shell,
20260504,48dpf,26C,1,plate_1_26,H,5,H5,NA,Blank,NA,,
20260504,48dpf,26C,1,plate_1_26,H,6,H6,NA,Blank,21.3033,empty shell,
20260504,48dpf,26C,1,plate_1_26,H,7,H7,NA,Blank,NA,,
20260504,48dpf,26C,1,plate_1_26,H,8,H8,NA,Blank,24.2768,empty shell,
20260504,48dpf,26C,1,plate_1_26,H,9,H9,NA,Blank,NA,,
20260504,48dpf,26C,1,plate_1_26,H,10,H10,NA,Blank,15.8225,empty shell,
20260504,48dpf,26C,1,plate_1_26,H,11,H11,NA,Blank,NA,,
20260504,48dpf,26C,1,plate_1_26,H,12,H12,NA,Blank,16.6509,empty shell,
20260504,48dpf,30C,2,plate_2_30,A,1,A1,1,Sample,12.9599,,
20260504,48dpf,30C,2,plate_2_30,A,2,A2,3,Sample,12.3686,,
20260504,48dpf,30C,2,plate_2_30,A,3,A3,4,Sample,11.9415,,
20260504,48dpf,30C,2,plate_2_30,A,4,A4,5,Sample,11.0874,,
20260504,48dpf,30C,2,plate_2_30,A,5,A5,6,Sample,12.73,,
20260504,48dpf,30C,2,plate_2_30,A,6,A6,8,Sample,13.0749,,
20260504,48dpf,30C,2,plate_2_30,A,7,A7,52,Sample,10.841,,
20260504,48dpf,30C,2,plate_2_30,A,8,A8,53,Sample,13.2063,,
20260504,48dpf,30C,2,plate_2_30,A,9,A9,54,Sample,13.4855,,
20260504,48dpf,30C,2,plate_2_30,A,10,A10,55,Sample,21.8463,,
20260504,48dpf,30C,2,plate_2_30,A,11,A11,56,Sample,8.7221,,
20260504,48dpf,30C,2,plate_2_30,A,12,A12,57,Sample,9.7733,,
20260504,48dpf,30C,2,plate_2_30,B,1,B1,1,Sample,10.7753,,
20260504,48dpf,30C,2,plate_2_30,B,2,B2,3,Sample,20.6307,,
20260504,48dpf,30C,2,plate_2_30,B,3,B3,4,Sample,15.0624,,
20260504,48dpf,30C,2,plate_2_30,B,4,B4,5,Sample,13.7648,,
20260504,48dpf,30C,2,plate_2_30,B,5,B5,6,Sample,17.8055,,
20260504,48dpf,30C,2,plate_2_30,B,6,B6,8,Sample,10.2989,,
20260504,48dpf,30C,2,plate_2_30,B,7,B7,52,Sample,14.159,,
20260504,48dpf,30C,2,plate_2_30,B,8,B8,53,Sample,13.9126,,
20260504,48dpf,30C,2,plate_2_30,B,9,B9,54,Sample,12.9763,,
20260504,48dpf,30C,2,plate_2_30,B,10,B10,55,Sample,17.1321,,
20260504,48dpf,30C,2,plate_2_30,B,11,B11,56,Sample,6.1761,,
20260504,48dpf,30C,2,plate_2_30,B,12,B12,57,Sample,6.0118,,
20260504,48dpf,30C,2,plate_2_30,C,1,C1,1,Sample,10.7753,,
20260504,48dpf,30C,2,plate_2_30,C,2,C2,3,Sample,14.931,,
20260504,48dpf,30C,2,plate_2_30,C,3,C3,4,Sample,14.892,,
20260504,48dpf,30C,2,plate_2_30,C,4,C4,5,Sample,10.1183,,
20260504,48dpf,30C,2,plate_2_30,C,5,C5,6,Sample,18.3804,,
20260504,48dpf,30C,2,plate_2_30,C,6,C6,8,Sample,14.6682,,
20260504,48dpf,30C,2,plate_2_30,C,7,C7,52,Sample,14.3397,,
20260504,48dpf,30C,2,plate_2_30,C,8,C8,53,Sample,2.4474,,
20260504,48dpf,30C,2,plate_2_30,C,9,C9,54,Sample,14.6518,,
20260504,48dpf,30C,2,plate_2_30,C,10,C10,55,Sample,11.3502,,
20260504,48dpf,30C,2,plate_2_30,C,11,C11,56,Sample,17.5427,,
20260504,48dpf,30C,2,plate_2_30,C,12,C12,57,Sample,14.4875,,
20260504,48dpf,30C,2,plate_2_30,D,1,D1,1,Sample,10.2989,,
20260504,48dpf,30C,2,plate_2_30,D,2,D2,3,Sample,16.7707,,
20260504,48dpf,30C,2,plate_2_30,D,3,D3,4,Sample,17.5756,,
20260504,48dpf,30C,2,plate_2_30,D,4,D4,5,Sample,14.4711,,
20260504,48dpf,30C,2,plate_2_30,D,5,D5,6,Sample,19.2838,,
20260504,48dpf,30C,2,plate_2_30,D,6,D6,8,Sample,18.6432,,
20260504,48dpf,30C,2,plate_2_30,D,7,D7,52,Sample,7.6216,,
20260504,48dpf,30C,2,plate_2_30,D,8,D8,53,Sample,9.8555,,
20260504,48dpf,30C,2,plate_2_30,D,9,D9,54,Sample,15.588,,
20260504,48dpf,30C,2,plate_2_30,D,10,D10,55,Sample,11.1531,,
20260504,48dpf,30C,2,plate_2_30,D,11,D11,56,Sample,10.7753,,
20260504,48dpf,30C,2,plate_2_30,D,12,D12,57,Sample,10.3647,,
20260504,48dpf,30C,2,plate_2_30,E,1,E1,1,Sample,10.7096,,
20260504,48dpf,30C,2,plate_2_30,E,2,E2,3,Sample,22.8647,,
20260504,48dpf,30C,2,plate_2_30,E,3,E3,4,Sample,14.8817,,
20260504,48dpf,30C,2,plate_2_30,E,4,E4,5,Sample,11.9744,,
20260504,48dpf,30C,2,plate_2_30,E,5,E5,6,Sample,11.3502,,
20260504,48dpf,30C,2,plate_2_30,E,6,E6,8,Sample,11.4652,,
20260504,48dpf,30C,2,plate_2_30,E,7,E7,52,Sample,11.5473,,
20260504,48dpf,30C,2,plate_2_30,E,8,E8,53,Sample,18.0191,,
20260504,48dpf,30C,2,plate_2_30,E,9,E9,54,Sample,9.3463,,
20260504,48dpf,30C,2,plate_2_30,E,10,E10,55,Sample,17.6905,,
20260504,48dpf,30C,2,plate_2_30,E,11,E11,56,Sample,19.364,,
20260504,48dpf,30C,2,plate_2_30,E,12,E12,57,Sample,13.0913,,
20260504,48dpf,30C,2,plate_2_30,F,1,F1,1,Sample,11.3995,,
20260504,48dpf,30C,2,plate_2_30,F,2,F2,3,Sample,17.8219,,
20260504,48dpf,30C,2,plate_2_30,F,3,F3,4,Sample,14.3068,,
20260504,48dpf,30C,2,plate_2_30,F,4,F4,5,Sample,15.9166,,
20260504,48dpf,30C,2,plate_2_30,F,5,F5,6,Sample,16.7871,,
20260504,48dpf,30C,2,plate_2_30,F,6,F6,8,Sample,8.5414,,
20260504,48dpf,30C,2,plate_2_30,F,7,F7,52,Sample,14.5861,,
20260504,48dpf,30C,2,plate_2_30,F,8,F8,53,Sample,10.7917,,
20260504,48dpf,30C,2,plate_2_30,F,9,F9,54,Sample,14.4711,,
20260504,48dpf,30C,2,plate_2_30,F,10,F10,55,Sample,7.9172,,
20260504,48dpf,30C,2,plate_2_30,F,11,F11,56,Sample,11.0217,,
20260504,48dpf,30C,2,plate_2_30,F,12,F12,57,Sample,11.7116,,
20260504,48dpf,30C,2,plate_2_30,G,1,G1,1,Sample,19.4317,,
20260504,48dpf,30C,2,plate_2_30,G,2,G2,3,Sample,19.6452,,
20260504,48dpf,30C,2,plate_2_30,G,3,G3,4,Sample,17.1321,,
20260504,48dpf,30C,2,plate_2_30,G,4,G4,5,Sample,11.6787,,
20260504,48dpf,30C,2,plate_2_30,G,5,G5,6,Sample,15.0953,,
20260504,48dpf,30C,2,plate_2_30,G,6,G6,8,Sample,16.2779,,
20260504,48dpf,30C,2,plate_2_30,G,7,G7,52,Sample,8.3607,,
20260504,48dpf,30C,2,plate_2_30,G,8,G8,53,Sample,9.3791,,
20260504,48dpf,30C,2,plate_2_30,G,9,G9,54,Sample,18.5283,,
20260504,48dpf,30C,2,plate_2_30,G,10,G10,55,Sample,16.9514,,
20260504,48dpf,30C,2,plate_2_30,G,11,G11,56,Sample,12.0072,,
20260504,48dpf,30C,2,plate_2_30,G,12,G12,57,Sample,16.4586,,
20260504,48dpf,30C,2,plate_2_30,H,1,H1,NA,Blank,NA,,
20260504,48dpf,30C,2,plate_2_30,H,2,H2,NA,Blank,14.7175,empty shell,
20260504,48dpf,30C,2,plate_2_30,H,3,H3,NA,Blank,NA,,
20260504,48dpf,30C,2,plate_2_30,H,4,H4,NA,Blank,19.4317,empty shell,
20260504,48dpf,30C,2,plate_2_30,H,5,H5,NA,Blank,NA,,
20260504,48dpf,30C,2,plate_2_30,H,6,H6,NA,Blank,19.6616,empty shell,
20260504,48dpf,30C,2,plate_2_30,H,7,H7,NA,Blank,NA,,
20260504,48dpf,30C,2,plate_2_30,H,8,H8,NA,Blank,23.8995,empty shell,
20260504,48dpf,30C,2,plate_2_30,H,9,H9,NA,Blank,NA,,
20260504,48dpf,30C,2,plate_2_30,H,10,H10,NA,Blank,10.2858,empty shell,
20260504,48dpf,30C,2,plate_2_30,H,11,H11,NA,Blank,NA,,
20260504,48dpf,30C,2,plate_2_30,H,12,H12,NA,Blank,15.8344,empty shell,
20260504,48dpf,34C,3,plate_3_34,A,1,A1,1,Sample,12.5209,,
20260504,48dpf,34C,3,plate_3_34,A,2,A2,3,Sample,12.1401,,
20260504,48dpf,34C,3,plate_3_34,A,3,A3,4,Sample,11.211,,
20260504,48dpf,34C,3,plate_3_34,A,4,A4,5,Sample,10.8911,,
20260504,48dpf,34C,3,plate_3_34,A,5,A5,6,Sample,12.1706,,
20260504,48dpf,34C,3,plate_3_34,A,6,A6,8,Sample,12.6276,,
20260504,48dpf,34C,3,plate_3_34,A,7,A7,52,Sample,10.3884,,
20260504,48dpf,34C,3,plate_3_34,A,8,A8,53,Sample,11.5613,,
20260504,48dpf,34C,3,plate_3_34,A,9,A9,54,Sample,12.9018,,
20260504,48dpf,34C,3,plate_3_34,A,10,A10,55,Sample,21.0053,,
20260504,48dpf,34C,3,plate_3_34,A,11,A11,56,Sample,8.2407,,
20260504,48dpf,34C,3,plate_3_34,A,12,A12,57,Sample,9.2003,,
20260504,48dpf,34C,3,plate_3_34,B,1,B1,1,Sample,10.5864,,
20260504,48dpf,34C,3,plate_3_34,B,2,B2,3,Sample,20.3199,,
20260504,48dpf,34C,3,plate_3_34,B,3,B3,4,Sample,14.7753,,
20260504,48dpf,34C,3,plate_3_34,B,4,B4,5,Sample,13.2978,,
20260504,48dpf,34C,3,plate_3_34,B,5,B5,6,Sample,16.6184,,
20260504,48dpf,34C,3,plate_3_34,B,6,B6,8,Sample,10.099,,
20260504,48dpf,34C,3,plate_3_34,B,7,B7,52,Sample,13.5567,,
20260504,48dpf,34C,3,plate_3_34,B,8,B8,53,Sample,13.313,,
20260504,48dpf,34C,3,plate_3_34,B,9,B9,54,Sample,12.6885,,
20260504,48dpf,34C,3,plate_3_34,B,10,B10,55,Sample,16.3899,,
20260504,48dpf,34C,3,plate_3_34,B,11,B11,56,Sample,6.032,,
20260504,48dpf,34C,3,plate_3_34,B,12,B12,57,Sample,5.6359,,
20260504,48dpf,34C,3,plate_3_34,C,1,C1,1,Sample,10.3123,,
20260504,48dpf,34C,3,plate_3_34,C,2,C2,3,Sample,14.5773,,
20260504,48dpf,34C,3,plate_3_34,C,3,C3,4,Sample,14.4859,,
20260504,48dpf,34C,3,plate_3_34,C,4,C4,5,Sample,9.7182,,
20260504,48dpf,34C,3,plate_3_34,C,5,C5,6,Sample,17.6238,,
20260504,48dpf,34C,3,plate_3_34,C,6,C6,8,Sample,14.1356,,
20260504,48dpf,34C,3,plate_3_34,C,7,C7,52,Sample,13.7395,,
20260504,48dpf,34C,3,plate_3_34,C,8,C8,53,Sample,2.2239,,
20260504,48dpf,34C,3,plate_3_34,C,9,C9,54,Sample,14.1203,,
20260504,48dpf,34C,3,plate_3_34,C,10,C10,55,Sample,10.952,,
20260504,48dpf,34C,3,plate_3_34,C,11,C11,56,Sample,16.786,,
20260504,48dpf,34C,3,plate_3_34,C,12,C12,57,Sample,13.9832,,
20260504,48dpf,34C,3,plate_3_34,D,1,D1,1,Sample,10.0228,,
20260504,48dpf,34C,3,plate_3_34,D,2,D2,3,Sample,16.2224,,
20260504,48dpf,34C,3,plate_3_34,D,3,D3,4,Sample,17.1973,,
20260504,48dpf,34C,3,plate_3_34,D,4,D4,5,Sample,132.9071,,
20260504,48dpf,34C,3,plate_3_34,D,5,D5,6,Sample,18.2331,,
20260504,48dpf,34C,3,plate_3_34,D,6,D6,8,Sample,17.6999,,
20260504,48dpf,34C,3,plate_3_34,D,7,D7,52,Sample,7.4181,,
20260504,48dpf,34C,3,plate_3_34,D,8,D8,53,Sample,9.5659,,
20260504,48dpf,34C,3,plate_3_34,D,9,D9,54,Sample,15.3846,,
20260504,48dpf,34C,3,plate_3_34,D,10,D10,55,Sample,10.8606,,
20260504,48dpf,34C,3,plate_3_34,D,11,D11,56,Sample,10.495,,
20260504,48dpf,34C,3,plate_3_34,D,12,D12,57,Sample,9.8401,,
20260504,48dpf,34C,3,plate_3_34,E,1,E1,1,Sample,10.3884,,
20260504,48dpf,34C,3,plate_3_34,E,2,E2,3,Sample,22.4981,,
20260504,48dpf,34C,3,plate_3_34,E,3,E3,4,Sample,14.3945,,
20260504,48dpf,34C,3,plate_3_34,E,4,E4,5,Sample,11.3176,,
20260504,48dpf,34C,3,plate_3_34,E,5,E5,6,Sample,10.9063,,
20260504,48dpf,34C,3,plate_3_34,E,6,E6,8,Sample,10.8606,,
20260504,48dpf,34C,3,plate_3_34,E,7,E7,52,Sample,10.8911,,
20260504,48dpf,34C,3,plate_3_34,E,8,E8,53,Sample,17.1211,,
20260504,48dpf,34C,3,plate_3_34,E,9,E9,54,Sample,8.9718,,
20260504,48dpf,34C,3,plate_3_34,E,10,E10,55,Sample,16.7403,,
20260504,48dpf,34C,3,plate_3_34,E,11,E11,56,Sample,17.3496,,
20260504,48dpf,34C,3,plate_3_34,E,12,E12,57,Sample,12.6885,,
20260504,48dpf,34C,3,plate_3_34,F,1,F1,1,Sample,11.0739,,
20260504,48dpf,34C,3,plate_3_34,F,2,F2,3,Sample,17.4867,,
20260504,48dpf,34C,3,plate_3_34,F,3,F3,4,Sample,13.8614,,
20260504,48dpf,34C,3,plate_3_34,F,4,F4,5,Sample,15.476,,
20260504,48dpf,34C,3,plate_3_34,F,5,F5,6,Sample,15.476,,
20260504,48dpf,34C,3,plate_3_34,F,6,F6,8,Sample,8.1645,,
20260504,48dpf,34C,3,plate_3_34,F,7,F7,52,Sample,12.1051,,
20260504,48dpf,34C,3,plate_3_34,F,8,F8,53,Sample,10.3427,,
20260504,48dpf,34C,3,plate_3_34,F,9,F9,54,Sample,13.9832,,
20260504,48dpf,34C,3,plate_3_34,F,10,F10,55,Sample,7.6618,,
20260504,48dpf,34C,3,plate_3_34,F,11,F11,56,Sample,10.5407,,
20260504,48dpf,34C,3,plate_3_34,F,12,F12,57,Sample,10.7692,,
20260504,48dpf,34C,3,plate_3_34,G,1,G1,1,Sample,18.888,,
20260504,48dpf,34C,3,plate_3_34,G,2,G2,3,Sample,18.751,,
20260504,48dpf,34C,3,plate_3_34,G,3,G3,4,Sample,16.7708,,
20260504,48dpf,34C,3,plate_3_34,G,4,G4,5,Sample,11.4851,,
20260504,48dpf,34C,3,plate_3_34,G,5,G5,6,Sample,14.6382,,
20260504,48dpf,34C,3,plate_3_34,G,6,G6,8,Sample,15.6893,,
20260504,48dpf,34C,3,plate_3_34,G,7,G7,52,Sample,7.9817,,
20260504,48dpf,34C,3,plate_3_34,G,8,G8,53,Sample,8.7586,,
20260504,48dpf,34C,3,plate_3_34,G,9,G9,54,Sample,18.1112,,
20260504,48dpf,34C,3,plate_3_34,G,10,G10,55,Sample,16.6337,,
20260504,48dpf,34C,3,plate_3_34,G,11,G11,56,Sample,11.4699,,
20260504,48dpf,34C,3,plate_3_34,G,12,G12,57,Sample,15.7654,,
20260504,48dpf,34C,3,plate_3_34,H,1,H1,NA,Blank,NA,,
20260504,48dpf,34C,3,plate_3_34,H,2,H2,NA,Blank,13.6786,empty shell,
20260504,48dpf,34C,3,plate_3_34,H,3,H3,NA,Blank,NA,,
20260504,48dpf,34C,3,plate_3_34,H,4,H4,NA,Blank,18.2026,empty shell,
20260504,48dpf,34C,3,plate_3_34,H,5,H5,NA,Blank,NA,,
20260504,48dpf,34C,3,plate_3_34,H,6,H6,NA,Blank,19.147,empty shell,
20260504,48dpf,34C,3,plate_3_34,H,7,H7,NA,Blank,NA,,
20260504,48dpf,34C,3,plate_3_34,H,8,H8,NA,Blank,23.3359,empty shell,
20260504,48dpf,34C,3,plate_3_34,H,9,H9,NA,Blank,NA,,
20260504,48dpf,34C,3,plate_3_34,H,10,H10,NA,Blank,19.6649,empty shell,
20260504,48dpf,34C,3,plate_3_34,H,11,H11,NA,Blank,NA,,
20260504,48dpf,34C,3,plate_3_34,H,12,H12,NA,Blank,NA,empty shell,
20260504,48dpf,38C,4,plate_4_38,A,1,A1,1,Sample,15.1257,,
20260504,48dpf,38C,4,plate_4_38,A,2,A2,3,Sample,15.3981,,
20260504,48dpf,38C,4,plate_4_38,A,3,A3,4,Sample,17.4395,,
20260504,48dpf,38C,4,plate_4_38,A,4,A4,5,Sample,12.8566,,
20260504,48dpf,38C,4,plate_4_38,A,5,A5,6,Sample,9.4903,,
20260504,48dpf,38C,4,plate_4_38,A,6,A6,8,Sample,14.614,,
20260504,48dpf,38C,4,plate_4_38,A,7,A7,52,Sample,9.4633,,
20260504,48dpf,38C,4,plate_4_38,A,8,A8,53,Sample,13.1675,,
20260504,48dpf,38C,4,plate_4_38,A,9,A9,54,Sample,12.3699,,
20260504,48dpf,38C,4,plate_4_38,A,10,A10,55,Sample,9.585,,
20260504,48dpf,38C,4,plate_4_38,A,11,A11,56,Sample,9.0712,,
20260504,48dpf,38C,4,plate_4_38,A,12,A12,57,Sample,6.1241,,
20260504,48dpf,38C,4,plate_4_38,B,1,B1,1,Sample,12.9918,,
20260504,48dpf,38C,4,plate_4_38,B,2,B2,3,Sample,13.8705,,
20260504,48dpf,38C,4,plate_4_38,B,3,B3,4,Sample,13.7623,,
20260504,48dpf,38C,4,plate_4_38,B,4,B4,5,Sample,8.9225,,
20260504,48dpf,38C,4,plate_4_38,B,5,B5,6,Sample,12.3564,,
20260504,48dpf,38C,4,plate_4_38,B,6,B6,8,Sample,12.7214,,
20260504,48dpf,38C,4,plate_4_38,B,7,B7,52,Sample,13.519,,
20260504,48dpf,38C,4,plate_4_38,B,8,B8,53,Sample,12.4916,,
20260504,48dpf,38C,4,plate_4_38,B,9,B9,54,Sample,7.9762,,
20260504,48dpf,38C,4,plate_4_38,B,10,B10,55,Sample,16.3985,,
20260504,48dpf,38C,4,plate_4_38,B,11,B11,56,Sample,17.6964,,
20260504,48dpf,38C,4,plate_4_38,B,12,B12,57,Sample,11.8832,,
20260504,48dpf,38C,4,plate_4_38,C,1,C1,1,Sample,18.5481,,
20260504,48dpf,38C,4,plate_4_38,C,2,C2,3,Sample,16.047,,
20260504,48dpf,38C,4,plate_4_38,C,3,C3,4,Sample,6.381,,
20260504,48dpf,38C,4,plate_4_38,C,4,C4,5,Sample,15.0196,,
20260504,48dpf,38C,4,plate_4_38,C,5,C5,6,Sample,17.1826,,
20260504,48dpf,38C,4,plate_4_38,C,6,C6,8,Sample,20.0892,,
20260504,48dpf,38C,4,plate_4_38,C,7,C7,52,Sample,12.0049,,
20260504,48dpf,38C,4,plate_4_38,C,8,C8,53,Sample,8.5034,,
20260504,48dpf,38C,4,plate_4_38,C,9,C9,54,Sample,6.5297,,
20260504,48dpf,38C,4,plate_4_38,C,10,C10,55,Sample,15.0466,,
20260504,48dpf,38C,4,plate_4_38,C,11,C11,56,Sample,14.6951,,
20260504,48dpf,38C,4,plate_4_38,C,12,C12,57,Sample,6.1647,,
20260504,48dpf,38C,4,plate_4_38,D,1,D1,1,Sample,16.1417,,
20260504,48dpf,38C,4,plate_4_38,D,2,D2,3,Sample,18.0208,,
20260504,48dpf,38C,4,plate_4_38,D,3,D3,4,Sample,12.8701,,
20260504,48dpf,38C,4,plate_4_38,D,4,D4,5,Sample,10.4637,,
20260504,48dpf,38C,4,plate_4_38,D,5,D5,6,Sample,14.5194,,
20260504,48dpf,38C,4,plate_4_38,D,6,D6,8,Sample,11.9102,,
20260504,48dpf,38C,4,plate_4_38,D,7,D7,52,Sample,14.3977,,
20260504,48dpf,38C,4,plate_4_38,D,8,D8,53,Sample,11.8562,,
20260504,48dpf,38C,4,plate_4_38,D,9,D9,54,Sample,10.1933,,
20260504,48dpf,38C,4,plate_4_38,D,10,D10,55,Sample,16.7906,,
20260504,48dpf,38C,4,plate_4_38,D,11,D11,56,Sample,8.5034,,
20260504,48dpf,38C,4,plate_4_38,D,12,D12,57,Sample,14.0462,,
20260504,48dpf,38C,4,plate_4_38,E,1,E1,1,Sample,16.1417,,
20260504,48dpf,38C,4,plate_4_38,E,2,E2,3,Sample,19.8594,,
20260504,48dpf,38C,4,plate_4_38,E,3,E3,4,Sample,11.018,,
20260504,48dpf,38C,4,plate_4_38,E,4,E4,5,Sample,14.8709,,
20260504,48dpf,38C,4,plate_4_38,E,5,E5,6,Sample,11.6128,,
20260504,48dpf,38C,4,plate_4_38,E,6,E6,8,Sample,17.4395,,
20260504,48dpf,38C,4,plate_4_38,E,7,E7,52,Sample,10.7206,,
20260504,48dpf,38C,4,plate_4_38,E,8,E8,53,Sample,10.8558,,
20260504,48dpf,38C,4,plate_4_38,E,9,E9,54,Sample,9.8148,,
20260504,48dpf,38C,4,plate_4_38,E,10,E10,55,Sample,18.832,,
20260504,48dpf,38C,4,plate_4_38,E,11,E11,56,Sample,13.3838,,
20260504,48dpf,38C,4,plate_4_38,E,12,E12,57,Sample,9.5444,,
20260504,48dpf,38C,4,plate_4_38,F,1,F1,1,Sample,12.6132,,
20260504,48dpf,38C,4,plate_4_38,F,2,F2,3,Sample,10.6124,,
20260504,48dpf,38C,4,plate_4_38,F,3,F3,4,Sample,11.1261,,
20260504,48dpf,38C,4,plate_4_38,F,4,F4,5,Sample,18.832,,
20260504,48dpf,38C,4,plate_4_38,F,5,F5,6,Sample,8.4088,,
20260504,48dpf,38C,4,plate_4_38,F,6,F6,8,Sample,13.0458,,
20260504,48dpf,38C,4,plate_4_38,F,7,F7,52,Sample,12.6132,,
20260504,48dpf,38C,4,plate_4_38,F,8,F8,53,Sample,10.9639,,
20260504,48dpf,38C,4,plate_4_38,F,9,F9,54,Sample,12.0454,,
20260504,48dpf,38C,4,plate_4_38,F,10,F10,55,Sample,8.3007,,
20260504,48dpf,38C,4,plate_4_38,F,11,F11,56,Sample,13.3297,,
20260504,48dpf,38C,4,plate_4_38,F,12,F12,57,Sample,15.1548,,
20260504,48dpf,38C,4,plate_4_38,G,1,G1,1,Sample,12.5727,,
20260504,48dpf,38C,4,plate_4_38,G,2,G2,3,Sample,13.6001,,
20260504,48dpf,38C,4,plate_4_38,G,3,G3,4,Sample,13.2621,,
20260504,48dpf,38C,4,plate_4_38,G,4,G4,5,Sample,11.9238,,
20260504,48dpf,38C,4,plate_4_38,G,5,G5,6,Sample,9.4227,,
20260504,48dpf,38C,4,plate_4_38,G,6,G6,8,Sample,12.789,,
20260504,48dpf,38C,4,plate_4_38,G,7,G7,52,Sample,10.6935,,
20260504,48dpf,38C,4,plate_4_38,G,8,G8,53,Sample,13.492,,
20260504,48dpf,38C,4,plate_4_38,G,9,G9,54,Sample,14.4383,,
20260504,48dpf,38C,4,plate_4_38,G,10,G10,55,Sample,10.4772,,
20260504,48dpf,38C,4,plate_4_38,G,11,G11,56,Sample,8.0438,,
20260504,48dpf,38C,4,plate_4_38,G,12,G12,57,Sample,10.8422,,
20260504,48dpf,38C,4,plate_4_38,H,1,H1,NA,Blank,NA,,
20260504,48dpf,38C,4,plate_4_38,H,2,H2,NA,Blank,20.4948,empty shell,
20260504,48dpf,38C,4,plate_4_38,H,3,H3,NA,Blank,NA,,
20260504,48dpf,38C,4,plate_4_38,H,4,H4,NA,Blank,22.1847,empty shell,
20260504,48dpf,38C,4,plate_4_38,H,5,H5,NA,Blank,NA,,
20260504,48dpf,38C,4,plate_4_38,H,6,H6,NA,Blank,20.2109,empty shell,
20260504,48dpf,38C,4,plate_4_38,H,7,H7,NA,Blank,NA,,
20260504,48dpf,38C,4,plate_4_38,H,8,H8,NA,Blank,19.4403,empty shell,
20260504,48dpf,38C,4,plate_4_38,H,9,H9,NA,Blank,NA,,
20260504,48dpf,38C,4,plate_4_38,H,10,H10,NA,Blank,14.9385,empty shell,
20260504,48dpf,38C,4,plate_4_38,H,11,H11,NA,Blank,NA,,
20260504,48dpf,38C,4,plate_4_38,H,12,H12,NA,Blank,15.6144,empty shell,